idx,id
35000,kkepm012
35001,last7255
35002,luimagnum
35003,memorandum
35004,mist_form
35005,mjcha0011
35006,nueadoch
35007,o0ococ
35008,ojcon59
35009,on91716
35010,onenewarm
35011,pte0001
35012,richardwii
35013,rmina1030
35014,rytn28
35015,seoul8338
35016,shoon2430
35017,simha132
35018,skyis
35019,soulikk
35020,soyernssi
35021,stcmh
35022,tjdgh5463
35023,tkdguraa
35024,uoohf12
35025,wkdrpddo
35026,wodbs7758
35027,yhyh97
35028,zzz36963
35029,2235256
35030,25pwn
35031,91jhp
35032,alsltjdrhs
35033,andy0414
35034,asong1230
35035,aycicegi
35036,b12e34e56
35037,back6239
35038,born7sh
35039,cdw4777
35040,changu9981
35041,chaw510
35042,dave1one04
35043,ddc4k
35044,ddddewang
35045,dlwlstn0508
35046,dogggggw
35047,eipi
35048,fb00410
35049,gkgk2412
35050,gn04080
35051,gykim4u1
35052,hashswim
35053,hch4489
35054,he4rtbleed
35055,jcj402
35056,jhu8802
35057,jhx1223
35058,jinju0405
35059,jinqazha
35060,jn4624
35061,karanojo
35062,kgr9911
35063,kjeodns
35064,kwonyg0620
35065,lgy0606
35066,marioruisy
35067,mh000511
35068,minmin3194
35069,minyoung
35070,msde76
35071,nayoung2
35072,nbo5548
35073,nojingu1357
35074,notou
35075,nyoon
35076,olivelee2
35077,pa6764
35078,portcrushere13
35079,rail_cat
35080,reno421
35081,rudcks118
35082,sa11k
35083,scorpion
35084,seung0118
35085,silvertaker
35086,sin6961
35087,sjo506
35088,susan1231
35089,tjrudejr
35090,tjsgks12
35091,vega00514
35092,wjdcksdnr11
35093,wldnjs
35094,zacklee
35095,zizoen
35096,zznld7411
35097,100woong10
35098,12oow
35099,2daehyun
35100,990303amy
35101,alswl5436
35102,ansh925
35103,bere6363
35104,byul
35105,chanho_05
35106,chea0760
35107,chophin
35108,clematis
35109,clfr14
35110,dbsguswns318
35111,dltmddn98
35112,dobaksa
35113,dogun1228
35114,echidna346
35115,ehgis2344
35116,ehgus2526
35117,fenrir4504
35118,gkrwjaeoqkr1
35119,gksdnf0407
35120,gubonhy
35121,hanboy6010
35122,han_hoon
35123,hhaa9876
35124,hitagi
35125,hyunnow28
35126,jeffzz2628
35127,jeonghj419z
35128,jeongmino1207
35129,judy8823
35130,kha117
35131,kimjy8937
35132,kkanwoo
35133,kkomak
35134,leeyoungmin
35135,lineup91
35136,lpokk100
35137,melies1o14
35138,mgs1527
35139,mjh000526
35140,muchwater
35141,nine1leven
35142,ohjk5604
35143,plee
35144,pumisj
35145,pupopup
35146,rew0316
35147,rhzn5512
35148,rinny99
35149,rlrprhk
35150,rnltnekd
35151,rrrrrr9
35152,seosanggyun
35153,shc234
35154,sjty97
35155,skdu113
35156,snz2262
35157,soll4u
35158,sonjbin
35159,stb1436
35160,sxxyxn
35161,tmdghks424
35162,ufo602
35163,vetan2
35164,wassup_james
35165,weststring3235
35166,wogur1833
35167,yeejin8496
35168,young8hy
35169,youngchan
35170,ysong0504
35171,yula1147
35172,yyaxe12
35173,zotaczota
35174,01234
35175,0_0a
35176,2009ksj
35177,210317
35178,6645alstjd
35179,acet
35180,adg0609
35181,ahdbsgh
35182,alsrjs951
35183,alstjd84
35184,audtjd9080
35185,bakha1002
35186,bchan007
35187,bemaru
35188,bobloblaw
35189,bth0114
35190,ccomzi
35191,chwn0125
35192,codingyun89
35193,cowbang97
35194,devmiddlestone
35195,devyungiy
35196,dltjs7
35197,dlwnstjr1022
35198,dmdsns
35199,dohjh0219
35200,donghyun5434
35201,eoivnd
35202,fancyer
35203,friday
35204,gummyshark
35205,hohothink
35206,human6014
35207,hycs17
35208,hyeoneedyou
35209,idontseekim
35210,inbaejj117
35211,isc963
35212,jeemin0506
35213,jibb1004
35214,johndudwns
35215,kbsserver
35216,kek1209
35217,knc8956
35218,knockknock
35219,kyjjulia07
35220,leean
35221,lobeugeul549
35222,mineral_scv
35223,ming990418
35224,minsoo0715
35225,mmaduu
35226,moner050
35227,muyaho02
35228,nibble1492
35229,ohhyes3
35230,osm0348
35231,paek678
35232,pe_pizza
35233,pio0220
35234,psmoon7304
35235,qkflahs
35236,seanlee0701
35237,sksix147
35238,songhee6392
35239,starlitblack
35240,thunder9808
35241,tjdgus5349
35242,tjrdn110
35243,tkdldjstm785
35244,unsolver
35245,whara123
35246,whdthsgnk
35247,yangis1019
35248,yeon376
35249,452shin
35250,alcls
35251,blackl519
35252,brightbs
35253,cd2667514
35254,choiyc1446
35255,contemplation
35256,dana9685
35257,dbehddks519
35258,diamond0523
35259,dlstn5799
35260,draonmaster
35261,exploit017
35262,gkdlch0812
35263,glipung
35264,hjklnm4
35265,jackkimhaha
35266,jaljayo85
35267,jbm0922
35268,jerry010516
35269,jjaydon888
35270,judyc712
35271,k6359951
35272,kkmcd123
35273,kkoh0825
35274,kohj0686
35275,koj1134
35276,koy1208
35277,kpzmf6
35278,kwak980319
35279,law
35280,lim3181
35281,limss9076
35282,ljy3000
35283,lsk9082
35284,minje621
35285,minseob_kim
35286,p4bzmc
35287,peacemiller
35288,pqer9546
35289,qnddj4568
35290,qnddlek2
35291,qwe541rt
35292,rbwjd96
35293,reason22
35294,rgr3287
35295,rhkd9766
35296,sdrg12
35297,sihokim1208
35298,soldiersung
35299,ss0526
35300,stella03s
35301,story1454
35302,summer25
35303,vldpfh548
35304,wa1358
35305,windmill
35306,wjchoi96
35307,wldbs
35308,wodban12
35309,yhyacinth
35310,zizonxm
35311,289qwe64
35312,3iron
35313,ahnbang99
35314,aisapple1030
35315,ajhappy12
35316,anstjdus0702
35317,anyeon123
35318,apolicana
35319,audgns1219
35320,auel012
35321,a_fuuu
35322,babymon
35323,bacho4235
35324,bdt03346
35325,bomul0524
35326,cdhcdh
35327,cflazma
35328,creator98
35329,cwpink
35330,dachae
35331,daniel7255
35332,dkleee0
35333,dmdrk1414
35334,doublejk96
35335,ds02168
35336,ds70768
35337,dydtjrdl
35338,eating8
35339,excelsu
35340,ggozlo
35341,ghdwls2001
35342,ghs1122
35343,gluehosp1837
35344,godhsb
35345,gogo5208
35346,grace8343
35347,haun321
35348,hbk6939
35349,hjmoon1010
35350,hse11206
35351,hung3018
35352,ironmask43
35353,iwon4u
35354,jh0505
35355,jihyeon3560
35356,jitoo6342
35357,joonha97
35358,joonho
35359,jsdo0423
35360,jukebox03
35361,kangjs0237
35362,kermit1727
35363,khj3195
35364,kijk2869
35365,killong
35366,kjh7568
35367,kkeezz
35368,ksc0zzz
35369,kt5965
35370,kwaksj329
35371,kychan9044
35372,lev1130
35373,meku78
35374,mintbingsu7
35375,morokei
35376,my000105
35377,nabang6047
35378,newejing77
35379,n_dragon
35380,oculus4
35381,ojc123004
35382,oqoe31
35383,pgk2319
35384,pnm118
35385,rednine
35386,reve_yj
35387,rudans61
35388,scesecure
35389,sebastianchoi
35390,seyun02
35391,shinhyuk1001
35392,simply_coded
35393,soymilk
35394,subaccountyeah
35395,sungchul
35396,syjoo113
35397,tj4643
35398,tjdrb_aa
35399,tlarjsqh
35400,tocomboy
35401,tpgus031004
35402,verg9730
35403,vfv
35404,victorychung6
35405,vlfkdydtk
35406,wh230819
35407,whdlsxo123
35408,wjddbs2001
35409,wjdgks300
35410,yjeongisme
35411,ykjeong6
35412,youngkim90
35413,ysg627
35414,ysh0514
35415,zlmrzlo
35416,1122jinny
35417,9938ok
35418,ags1023
35419,asdfjo
35420,bcgo99
35421,been1zz
35422,bivlmh0648
35423,bjytkfkdgo
35424,bomin902
35425,charley0413
35426,cohenp
35427,dlbae9613
35428,dldndyd01
35429,dlfrnaos19
35430,emili1001
35431,gi2570
35432,gkwns0628
35433,gyrnjs12
35434,harrybro
35435,holy_people
35436,hongkiny
35437,hyoveemo
35438,hyuckkim
35439,ichiyaluna
35440,jiminleedev0220
35441,jjue0115
35442,jongjin97
35443,juniorcrosby
35444,justfortesting
35445,jyongyong5606
35446,khjaprileven
35447,kmjeong98
35448,kylin_1q84
35449,kyr778
35450,kysk8516
35451,lehyungju
35452,lovepple2534
35453,luckylooky2
35454,mass3758
35455,mgstyle97
35456,miniky0304
35457,nopx90
35458,ods0501
35459,peachblossom
35460,pearl097
35461,platycodon
35462,ppapppap
35463,primula0201
35464,sblove62
35465,silverd
35466,sms9456
35467,tae7130
35468,teayg2124
35469,tnxhd1
35470,tobyjung
35471,tom5757tom
35472,wdj0321
35473,wizdom5
35474,wjdwoaud159
35475,yeonje73
35476,yeonoh0130
35477,yoonseul
35478,007pasther
35479,03625
35480,asss6868
35481,awesome_heonjjang
35482,baeksh0330
35483,cleats01
35484,comjun04
35485,cothis
35486,crushingstar
35487,dhmun00
35488,didtjrdn123
35489,dlgmlckd1218
35490,duswjd9165
35491,ej_0109
35492,fine0424
35493,five_se
35494,geneee
35495,gownn12
35496,inhee0
35497,inpp
35498,isshoman
35499,jhj774
35500,jlee119
35501,jpsm0305
35502,kazesky
35503,keelle
35504,kkm7956
35505,kkys2613
35506,ldg1027
35507,leesengjie
35508,linsyay
35509,lul6959
35510,mhun0512
35511,neos
35512,nero0213
35513,noomnoom
35514,oscar1575
35515,questionmark
35516,rhd9228
35517,rlaalswp0723
35518,rumraisin
35519,skmn3
35520,sunder99
35521,tenta3802
35522,tjdgk8880
35523,tjswldnjs126
35524,todayhappy365
35525,tonytonyttony
35526,tpdls80
35527,tristan6349
35528,tyun_kim
35529,vision0424
35530,yjy5791
35531,zp5njqlfex
35532,zzangman99
35533,1000failol
35534,307
35535,38tk
35536,als1331
35537,asamomo
35538,bc4321
35539,bsm0910
35540,caddyspoon
35541,cel9677
35542,chaa822
35543,channynet
35544,chercher
35545,dahoon226
35546,dasefip2
35547,dbswl067
35548,ddong971230
35549,dltglddlekd
35550,dlwhdals0509
35551,drepion
35552,dudwn1814
35553,dwo3156
35554,dydtjq324
35555,eoaud0012
35556,eric1344
35557,eunyoung0113
35558,fbznffldj998
35559,fkfk6565
35560,g0pher
35561,gahyunsong
35562,gkscodus98
35563,goldfrosch
35564,gosarirani
35565,gustj0203
35566,gywls1474
35567,hapeter
35568,hdw2379
35569,hone
35570,ijw1004j
35571,jd0518338
35572,jijun897
35573,jjongmin77
35574,jjs4502
35575,junsh0001
35576,jwb4497
35577,kce0531
35578,ktw2378
35579,kwg940930
35580,l5726493
35581,lkbest93
35582,lorna1
35583,mangoking
35584,mishell
35585,navies
35586,now_you
35587,ochh508
35588,onw23
35589,paul57
35590,pbw0511
35591,piuy11
35592,pseudocomputer
35593,qata163753
35594,rapael3020
35595,rara0620
35596,rkakdrhfi
35597,root2693
35598,rpazmfo
35599,safg0421
35600,selee
35601,serin0404
35602,shion_aaq
35603,sjlee0530
35604,sobaek2000
35605,vsk12300
35606,wjdals113
35607,wkpark222
35608,yejun
35609,yoo9077
35610,yoo_jason
35611,zangmi98
35612,zxsan
35613,ajx0114
35614,algohare
35615,alsgp0877
35616,arhu
35617,asw9161
35618,bjo0723
35619,blehye
35620,chwogus
35621,clan
35622,coolfun
35623,cpak94
35624,ctret11
35625,cyj21c
35626,dbswogur2
35627,devholic22
35628,dlflon11
35629,dlwhddus0924
35630,dlwnsdud1320
35631,dmadlfp
35632,dr1129
35633,drdwing
35634,ehoi_loveyourself
35635,ekankr2
35636,gh6891
35637,gojkhan
35638,gunyeop0530
35639,haha_na00
35640,hihigh012
35641,hklee128
35642,hno130
35643,hyeri4885
35644,iamjoy
35645,ieebom
35646,igh1019
35647,imsmile2000
35648,jam093
35649,jiho9478
35650,jj164518
35651,jjhair11
35652,jmy0302
35653,kboy15
35654,ketchup0211
35655,kib0202
35656,ko52123
35657,li_la_4
35658,ljh034444
35659,maylilyo
35660,minw27
35661,minz01
35662,myhyeoeo
35663,okgoogle
35664,pigonhair
35665,pp8691
35666,private_56
35667,psk6950
35668,pueropstar
35669,qhdls5340
35670,rhapso73
35671,rhsdyd93
35672,shacowhdk
35673,solbin0737
35674,strain2011
35675,sua0211
35676,tobilch
35677,wl0034
35678,wlaqn
35679,wlstn8738
35680,wogud0208
35681,xiuperjjo
35682,yjh1440
35683,ysoup
35684,zsdfgh
35685,2cleanwater
35686,4shdream
35687,999demon33
35688,airandyair
35689,aksdhksrud7
35690,alswns078
35691,ash0884
35692,augustnorase
35693,bdhjyd
35694,blue3016
35695,boreum0302
35696,bulliiee
35697,bumcheol1
35698,challengelee
35699,cmk2884
35700,denny0709
35701,dev_nammjuicy
35702,dlawnsrjs
35703,dltmdwo55
35704,dtc03003
35705,duatldhs5555
35706,eiloppang
35707,gabea52
35708,gcm46
35709,gms1974
35710,have_13
35711,hey00507
35712,hjs9760
35713,idavid29
35714,idsue777
35715,itku1247
35716,itsuka2213
35717,jahab
35718,jongbo400
35719,jonho09
35720,kim0505
35721,kimminseo123
35722,kkmmss9988
35723,ktg11111
35724,ktom97
35725,likebh74
35726,ljw9494
35727,lofri97
35728,lovesay00
35729,lunadvance
35730,mhubeen
35731,mihee78952
35732,mr1000s
35733,mysql
35734,name8965
35735,newhama
35736,nrsk1001
35737,okhwa0611
35738,oyat
35739,piljoo93
35740,popple1101
35741,rhantls1028
35742,rich715
35743,ringolove
35744,rlajm1203
35745,ruddy_1632
35746,tjdrhdrkqns
35747,tkdldjs2654
35748,toto9803
35749,toyo8
35750,turntiger
35751,voicex6358
35752,walter_white
35753,whwldkrnahs
35754,wjdrbs786
35755,wkdwogns1001
35756,wo_olnd
35757,yeongjun0721
35758,yeowonh
35759,20153308
35760,322
35761,andy618
35762,askillofgod
35763,awcrgym
35764,bhj2208
35765,bongnam_kim
35766,chij0593
35767,choyou831
35768,corgi
35769,csccsc123
35770,dei159
35771,dkssyd07
35772,dmavk12
35773,donghoon4116
35774,dyne0828
35775,eldldk
35776,eric825
35777,eyrt6973
35778,fhemflrh
35779,gci28267
35780,geun2121
35781,gini0723
35782,gjehdals456
35783,googykuk
35784,gyeongza
35785,hanhae333
35786,hoskal09
35787,hychung15
35788,hyeykim
35789,imnotfun
35790,iys03102
35791,japchae153
35792,jdhsst03
35793,jeongmin010324
35794,jesh8802
35795,jiseong1951
35796,jokerjin
35797,julieeee
35798,khc9812121
35799,khw7385
35800,kimtree
35801,kjh9342
35802,kk2415
35803,kmj0973
35804,lasse92
35805,leuns36
35806,louiscode
35807,lucere
35808,manijang2
35809,mayth
35810,myown1209
35811,nous178
35812,parkyosep614
35813,pbgodsoo
35814,psuny1116
35815,qkrwl153
35816,quarterwave
35817,re2482
35818,rejaealsun
35819,sioux77
35820,sjw91best
35821,soheeoott
35822,son2329
35823,sosimset
35824,suwanree0113
35825,tkd159
35826,tomee
35827,unhipark
35828,wwwww
35829,ys0406
35830,y_e_113333
35831,zizon_minjoon_zizon
35832,zzzppap
35833,15ywt
35834,2whwhwh
35835,3tpepper
35836,aanams13
35837,adafas12
35838,agh914
35839,ahb200019
35840,alkemda
35841,ansrua45
35842,apvmf957
35843,artists2
35844,bae7533
35845,bigpie1367
35846,blinks
35847,chickenegg123
35848,chiwon322
35849,chlwogur962
35850,cmhhm
35851,dageon27
35852,dandyday31
35853,dbdudrnr97
35854,dd959519
35855,dkswlgh99
35856,dlqjatn2
35857,dlwndus35
35858,dlwnsrb0829
35859,dms6978
35860,dnrms644
35861,dortustmxkxm
35862,dsaj22e
35863,esther7832
35864,fofi7888
35865,garlic
35866,gms04279
35867,goldchan12
35868,guswhd903
35869,hamin06
35870,harold10
35871,hebin99
35872,hello26
35873,herrtane
35874,hihi8822
35875,hongdroid94
35876,hongsj2001
35877,identification
35878,indian966
35879,j1y00h4
35880,jeongsuho123
35881,jeongwoo0525
35882,jshan901
35883,jungbox
35884,jungsesco8609
35885,kkambbak1
35886,kmlee9243
35887,kws02352
35888,lolgod2408
35889,lustro
35890,mim501
35891,minlee3737
35892,mysterys1
35893,naw0n
35894,ohwig1
35895,qkrqkrqkr
35896,qkstjrdl96
35897,rlaeogus031128
35898,rlatnrud9820
35899,rnjstprjs123
35900,rymmsr4
35901,saeyeon
35902,sang312
35903,sh6609
35904,shrimp1234
35905,steven0301
35906,surim52
35907,theperz1
35908,tmdals5512
35909,twinsomega
35910,viki0114
35911,wjdgus2333
35912,wjdqls0924
35913,wjdwotns1006
35914,wong0220
35915,xodnr7898
35916,yeojin031
35917,yjyprac
35918,ykl1115
35919,yneznez
35920,yongho3011
35921,yongju3879
35922,ablyeji4021
35923,ajy_dev
35924,alstroe
35925,altarimoo
35926,andrewbae
35927,attacca
35928,bonehead
35929,charly04
35930,cub8533
35931,cykim0528
35932,dardse9198
35933,dhdnjswnd
35934,donik
35935,gangwoon2018
35936,ghyu_0906
35937,gogo0232
35938,gt814
35939,holyzo
35940,hosoo3513
35941,hotmj
35942,hsy159
35943,httejyy1234
35944,hungryato
35945,iamchu98
35946,imkdw
35947,indianhead2
35948,james4230
35949,jason8072
35950,jbkim0226
35951,jeon87721
35952,jominuook
35953,junghc0304
35954,k0905sh
35955,kangwoo
35956,kne2489
35957,kongum
35958,ksm8797
35959,les00034
35960,linus112
35961,liveintheblue
35962,lnamkyung
35963,lovi0714
35964,mhj_98
35965,olsooyoung
35966,ouivve
35967,parkhw0614
35968,pch305044
35969,p_sdh
35970,qorwjssmd
35971,rkdtngus3579
35972,sbs1621
35973,sbu07019
35974,shinji0326
35975,smh6130
35976,sonwon9
35977,ssudev
35978,sunnylee0
35979,tearofglass
35980,tjdwls1686
35981,w83620
35982,whiteleo100
35983,wjswngh23
35984,wkdrnsms00
35985,wlsdk
35986,wlsgudy3
35987,woongahkim
35988,wupajw
35989,xodnjs9977
35990,yerihan
35991,yurihana
35992,zksktldl125
35993,6dreamhigh
35994,acedia567
35995,ant970731
35996,christina008
35997,dbstj0114
35998,dlalsdn1009
35999,dnlstmffj
36000,dobetter
36001,dup03184
36002,ehdud5525
36003,gktjswls33
36004,goldpig0625
36005,grwthepie
36006,hanjoon2004
36007,hanyd1012
36008,hash21
36009,heeeunk777
36010,hhim3321
36011,hhs7425
36012,hs0302
36013,hwang1535
36014,jason051400
36015,jh145478
36016,jjiani
36017,johun204
36018,jonhyuk0922
36019,joosihyun
36020,jtyoung24
36021,junddo
36022,jy1129p
36023,kongyj00
36024,ktb5057
36025,kuuniin
36026,lala3737
36027,max9985053
36028,maxim3311
36029,mechanicdong
36030,minbasubo
36031,mlmek
36032,nari130808
36033,novo4756
36034,nysun624
36035,orolgood
36036,pol4b
36037,precision
36038,pyola4981
36039,qbq5000
36040,qkrwl5036
36041,qwerty1116
36042,qyqi
36043,ramiregi
36044,rmrf
36045,safe1017
36046,sbaik2
36047,scorpiusj
36048,scy0128
36049,seobin930
36050,simple710
36051,skdudwns19
36052,smp6340
36053,tag96
36054,teetee6
36055,tjdgnsok
36056,top214
36057,um_lang
36058,wanya567
36059,wjhy107
36060,wookiist
36061,zkdlwu94
36062,0426lily
36063,20193160
36064,alalalal
36065,angel0926
36066,appleru15
36067,artipect123
36068,artoria12
36069,asdqwe19
36070,bhunji159
36071,bingo8333
36072,bkh37
36073,bqorwns3
36074,bwwot
36075,cib02147
36076,citade1
36077,cjlex710
36078,didguswns09
36079,dlchdaud1004
36080,dlghdwn10
36081,dudcks224
36082,dune2021
36083,epahslr1
36084,ghks9705
36085,giglepeople
36086,gjwnstn515
36087,glgl246
36088,gold815
36089,hank1245
36090,hansolbin8684
36091,harry7622
36092,heruto333
36093,hhhlily
36094,hjch0211
36095,hongje94
36096,hoos007
36097,hyeok230
36098,jaksfj
36099,jeckson
36100,jigun058
36101,jin105
36102,jmk3333
36103,jw6133
36104,kangjiseok01
36105,kbumhyun
36106,keywee
36107,khb9827
36108,kim201212
36109,kimcomcom
36110,kimgon02
36111,kkkk2058
36112,kwon848498
36113,kyr7bok
36114,lhj5561
36115,lightson23
36116,lucyya99
36117,masagu96
36118,math20421
36119,minzzz1st7
36120,mm0741
36121,p41155a
36122,pky1994
36123,pythonist
36124,qwe904
36125,rchan02
36126,rimiiii
36127,sarah4091
36128,sdn327
36129,sh06014
36130,shinyejin0212
36131,souk0712
36132,southernwind
36133,starfish
36134,stellapark
36135,sts1373
36136,sy3293
36137,temp_sp
36138,thecodss
36139,tjgus5935
36140,vita420
36141,whtpgjs94
36142,wlsxkr77
36143,zszs2020
36144,46wldnjs
36145,aaxxdd
36146,agoso3
36147,air12735
36148,akfmzh1207
36149,akrso93
36150,ancolor
36151,cappy1739
36152,colarin
36153,daniel4001
36154,dpcksdl78
36155,egg542
36156,fgpii5
36157,gene0309
36158,ghdwnsdn1234
36159,gjunhyoung
36160,greatkun
36161,hanch85
36162,heosu
36163,hhwang0527
36164,hyoda_mon
36165,inhwa0731
36166,jackson
36167,jeongiun
36168,jghaha114
36169,jjino4523
36170,junre0311
36171,khj003300
36172,kimrip
36173,kimwh0602
36174,kjimin315490
36175,kyledh1127
36176,kyungckt
36177,lay3699
36178,leehw1412
36179,leejoonyeong
36180,melon4098
36181,mjmps0725
36182,moon1031
36183,muyongkim
36184,nag0323
36185,oha0622
36186,osori_1010
36187,phg1616
36188,purestsky
36189,qq3477
36190,qsqsq12
36191,ruddbsdl17
36192,rudwhd515
36193,saejin7649
36194,sdh080200
36195,sdh4588
36196,seahaeyeon
36197,snooozii97
36198,spiderman25
36199,taehwa2037
36200,timchae
36201,tjsdid529
36202,whalstjr1999
36203,wjdwofus1004
36204,yeonghyeon0403
36205,yj7646
36206,yunji118
36207,022686s
36208,0821kmh
36209,akyuu
36210,alswlrkswl
36211,amebee
36212,baejiw
36213,baguette
36214,blancroll
36215,bomin0523
36216,bongsh0112
36217,bsh1004664
36218,camos7511
36219,cheadev
36220,cheris8
36221,coco3286
36222,commando77
36223,daniel8926
36224,dcinside9999
36225,den_softwear
36226,dnfla960
36227,doxxx93
36228,enek4444
36229,eric9907
36230,esloven3
36231,everymas
36232,fodz_1588
36233,freero
36234,frogtongue
36235,geniusthomas
36236,gihap
36237,gusvy0220
36238,hahahahoha
36239,hiker12341
36240,hyeonu9831
36241,intelligent1001
36242,jangy100
36243,jangyh0420
36244,jjj01118
36245,jk2013
36246,jungho9128
36247,k62570
36248,kev0960
36249,khj9416
36250,kind2783
36251,kl7137
36252,lalagambas
36253,leeww0598
36254,lhs7370
36255,loonatic1127
36256,marine4027
36257,maystar8956
36258,metoo0339
36259,mey617
36260,mihara0309
36261,mjy0992
36262,mokryong
36263,o3od3d
36264,pericco
36265,petteloiv
36266,psw03180
36267,qorwns99099
36268,qowldud95
36269,qwdfgqw
36270,rain0110
36271,rhkdtlrtm12
36272,rnrmf
36273,san1ker
36274,sd990307
36275,sneer4383
36276,sonhyunmin00
36277,sseungg
36278,stella126
36279,superjun
36280,taog397
36281,tino7060
36282,tlatlago4919
36283,tpdnd7890
36284,vldzlqn1230
36285,water_is_wet
36286,whirned17
36287,yhb90816
36288,yhi002521
36289,yla101
36290,yoooooo
36291,zz8029
36292,12341234gggd
36293,20201229
36294,afsbfscfsdfs
36295,anggimotti123
36296,aniris
36297,azun0126
36298,baegopa0716
36299,baram212
36300,bum0211
36301,ckfhd1234
36302,daheecha0612
36303,dbwjddl0430
36304,decourse
36305,deux9745
36306,djaakahs
36307,dlatldhs
36308,dlwjdgus1324
36309,dlwodud5061
36310,dragon9265
36311,eodnjs618
36312,ff152
36313,fftl0710
36314,geniussiwon
36315,ghp1112
36316,gkwjdgus42
36317,gywls18
36318,h4ruting
36319,haze2498
36320,hbincho2002
36321,hdj_0923
36322,hg9430
36323,hjkl0831
36324,hjlee0413
36325,hongji00
36326,hoohoo0889
36327,hskang200
36328,j952225
36329,jb2n95
36330,jdh1109ok
36331,jinukee
36332,journeytosth
36333,katekim76
36334,kito17
36335,knhyek9695
36336,ksekhjkjs
36337,ksm12365
36338,ksmilejun
36339,lee88823
36340,lgh9382
36341,lkjfrf
36342,miso1061402
36343,mn0658
36344,mywnajsldkf
36345,pdy0726
36346,ppj050
36347,pride
36348,purehug
36349,rarctos
36350,rhaskai
36351,rlafl7942
36352,rpm
36353,sangwook520
36354,sbpark0630
36355,seokwon94
36356,sheeptheorem
36357,shy8643
36358,sieun6205
36359,singularityk30
36360,slpjenny
36361,soeun0828
36362,spn99176
36363,uni4love5
36364,uu0078
36365,wbj1209
36366,wlstj9964
36367,xpiona
36368,zkdlsl2
36369,ackorh
36370,ahkiler
36371,aries278
36372,beargry11s
36373,ben0306
36374,byeol0502
36375,cangogi1
36376,cathy9708
36377,chaehun2954
36378,cherished322
36379,chh9450
36380,chrrr3565
36381,ckgunmu
36382,coconaught
36383,connor
36384,dhsjd3
36385,dkswldbs
36386,dkswodn0123
36387,dlathdud522
36388,dlcksgml17
36389,dltmdqls
36390,ehfdl1024
36391,ericasesac
36392,fjdk10
36393,gh9296
36394,haminn
36395,hanchan200
36396,hayeongpark
36397,hse06028
36398,iko0789
36399,ilho0926
36400,isaac1450
36401,jiminkim15
36402,jjh1111
36403,jojongjojong
36404,jwk120
36405,jws4894
36406,k0r4te
36407,kangyb1
36408,kdm604
36409,kimgusxo
36410,kscpa
36411,lafe069
36412,leesm990708
36413,lsj4002
36414,lsy1538
36415,lsy6877
36416,magrejh
36417,maoka294
36418,noastyle
36419,nohriter
36420,osmanthus
36421,p1n9u
36422,parkeb555
36423,purpledawn
36424,p_park
36425,rinlee2001
36426,rlaeodnjs96
36427,rlagustjq12
36428,rokaf150
36429,s113488
36430,s3x
36431,sh010802
36432,shakehands91
36433,shdev95lee
36434,sirath666
36435,sks12ekd
36436,soymilk26
36437,tgus7675
36438,tjscks0510
36439,tkdrnjs0307
36440,whdwnfl
36441,whehiss
36442,wkddntjr1008
36443,wnsussid
36444,woals926
36445,word8820
36446,wwg316
36447,xorudkim98
36448,yun9869
36449,1sang22
36450,2riing
36451,aoalfjqm123
36452,aymaa135
36453,bean2486
36454,blumingz06
36455,brayden
36456,brown2545
36457,byeongju98
36458,cokehotshot
36459,cty272
36460,cwd0062
36461,dayeon964
36462,djortn
36463,dltjrwosmssk
36464,dnrkdnqk123
36465,ds10jtr
36466,eureka
36467,e_pak_sa
36468,fjdkslvn9
36469,gbs_mangnanyeong
36470,gyh3824
36471,haesoo18
36472,hunmonhun
36473,j1387fgtv
36474,jackyredcircle
36475,jh36501
36476,jihun5240
36477,jun9973
36478,kakaopanda
36479,kdhwmanse
36480,kdj01010
36481,kekeke
36482,khsalex
36483,khwee2000
36484,kjm061652
36485,lcnat
36486,mynyung
36487,n1be
36488,narlo
36489,neropsys
36490,oereo
36491,onf
36492,pch8944
36493,poohanh
36494,roy030819
36495,scwonn
36496,seokmin1002
36497,seyoung0916
36498,sjy4388
36499,smpark0213
36500,snack
36501,spaghettigenerat0r
36502,ssm4452
36503,stellna
36504,sungmin618
36505,tjehdgur1500
36506,tmdgks49
36507,tomo
36508,tpdbs0907
36509,tryit
36510,waspy
36511,whehdrms6810
36512,wntjs1112
36513,ws9706
36514,ygtman
36515,yyssys
36516,14dnflwlq
36517,aass4856
36518,aine0227
36519,andytmdgks
36520,arxman12
36521,as1212000
36522,bangbadak
36523,bbkgain
36524,chaechae39
36525,chaus453
36526,chipndale
36527,chocopy
36528,cloudbloom
36529,danielnimo
36530,devdh
36531,dips2000
36532,dk10201
36533,dlehdduf8
36534,dlwltn815
36535,dmstn7989
36536,ehdgus1524
36537,ekdnstm1999
36538,engineerdhkim
36539,excude
36540,eye_of_horus
36541,francesco22
36542,gogo1414
36543,gudwns1458
36544,hde5418
36545,honor4766
36546,hwangbo98
36547,hyc1999
36548,jaewhan232
36549,jhbae200
36550,jisk0228
36551,jtd0612
36552,kafin
36553,kdyjmk
36554,kimjaheun
36555,kkll09
36556,kssong91
36557,kty9798
36558,lcw1215
36559,limbs710
36560,masaru
36561,mka1109
36562,mujk05
36563,pesu1027
36564,peter2760
36565,pleen12
36566,popop09090
36567,qjsrowkd2005
36568,raintae
36569,rewolfnus0824
36570,rkdlsld22
36571,rmsp0211
36572,seungyong20
36573,sk3458411
36574,soyeonj328
36575,subning
36576,sungyun1997
36577,tkfkdgodya99
36578,twintwin0243
36579,what0the
36580,win9612
36581,windmill1012
36582,wist97
36583,wsk2435
36584,yumeko
36585,zzfqqdnflepffl1
36586,2041420
36587,abc3466
36588,accegr
36589,agneslee98
36590,alsrb01440
36591,anselmo228
36592,cecilia
36593,dbwjds22
36594,delee2008
36595,djc06048
36596,dldustkd621
36597,ehdckd
36598,elechaos
36599,eunseogo20
36600,feel321
36601,genius0412
36602,gkstj8300
36603,gochujang87
36604,guinbun
36605,gur0320
36606,hasyhasy2001
36607,hitomi223
36608,hompens4
36609,hyph1205
36610,icecream7593
36611,ikh9705
36612,impapa68
36613,jadenlee7742
36614,jaeppung
36615,jaeyoung1375
36616,jch3537
36617,ji0513ji
36618,jinyk950
36619,joyean05
36620,jwshin
36621,jycho1021
36622,kau_fn
36623,kbh10211
36624,keongmin0926
36625,kim960407
36626,kimsangdoo
36627,kjhg478
36628,kkddgg1001
36629,kkh1902
36630,ktg12171212
36631,luke5000
36632,mirageciel
36633,moonlight1234
36634,mozart279
36635,nahyunkim2221
36636,ohsean
36637,okcdbu
36638,osuyoun5706
36639,phobas
36640,pkj001
36641,powergaeko
36642,rdw0622
36643,readex11
36644,recoo14
36645,rhkdgus1417
36646,rough312
36647,sang777
36648,sejjj120
36649,sineta01
36650,siru2020
36651,smlee1104
36652,sol0211
36653,solo_ffffff
36654,sonman
36655,sooyeon
36656,steven7000
36657,tlswkpgla
36658,tnghk9611
36659,tonawood
36660,unknown00
36661,uqer1244
36662,usk0513
36663,vwlgnsluv
36664,wldms110
36665,010620sun
36666,061906
36667,1114pica
36668,2alswo7
36669,aqsed147
36670,babo5774
36671,bbaksso
36672,bittersweetcode
36673,bklee8989
36674,bossxz
36675,ceounjc
36676,chang1342
36677,coolmax0327
36678,dheodid11
36679,dionisos1
36680,dkflsa
36681,drroh123
36682,ehdgus9370
36683,elecbot0
36684,elfoa
36685,ellemimi
36686,eunseok1204
36687,fiktion
36688,gb4250
36689,gntodtndls156
36690,gun0680
36691,hanjin1280
36692,heecurity
36693,hih1217
36694,hwanghh
36695,hwiyeon
36696,hyu1335
36697,ian2111
36698,imsy5142
36699,ingu627
36700,j33515
36701,jaeyong926
36702,jang5083
36703,jecrom
36704,jhchoi96
36705,jieun0321
36706,juajua56
36707,keunho624
36708,kiyoog02
36709,kkc020909
36710,kknyapple
36711,kmj6832596
36712,knife255
36713,leblanc
36714,leeyunhyuk104
36715,lsa3163
36716,lyb2325
36717,mreraser
36718,myhouse34
36719,nulleekh
36720,orangeqoo9265
36721,pinixs3
36722,qkrwoaks5327
36723,resten
36724,rkcjsqod
36725,rlaskrudzz
36726,schg202108
36727,sgh4123
36728,shdq
36729,shin4903
36730,sigbrine
36731,skfl0282
36732,skmoon07
36733,sptw88
36734,sue9927
36735,sunday29
36736,sw0923777
36737,timatree
36738,tmdgh1110
36739,tw6320
36740,twks0513
36741,vndldyd
36742,wnsgus5117
36743,woo1031
36744,xkdl27
36745,yuijin
36746,yun6497
36747,zozo1591
36748,akamig
36749,ametrine
36750,anfvnxntm
36751,bada7588
36752,davidian
36753,dlrjwjdakf
36754,ehdusxpa23
36755,ej96
36756,esm9105
36757,gldnjs
36758,greathunh
36759,hafs17_programmer
36760,hotaes
36761,jehyeon62
36762,jjg1298
36763,jjh3128
36764,kiim481
36765,kjchoi1997
36766,kkh990920
36767,kyj2559a
36768,ljh930ll
36769,locha0305
36770,mbh309
36771,melons
36772,msh231004
36773,muum08
36774,orchsik
36775,panipanikompany
36776,prodogs
36777,qweasd9827
36778,rdt2360
36779,rhrudtn6488
36780,rkdtjq1212
36781,rlarlcks1012
36782,rlawjddnr
36783,seojun09
36784,seungun0915
36785,sg9939
36786,simplewh7
36787,smkgenesis
36788,songv62
36789,sososogoa
36790,ssu0717
36791,suhyunnn01
36792,sunsor0105
36793,thrust
36794,tiartist29
36795,tjddn3507
36796,tlsckdals7
36797,tonyjeong
36798,viewmyforest
36799,waterbang12
36800,whdcjf96
36801,whdkwhdk90
36802,xtalxlr
36803,yangyang
36804,zino_zzing
36805,zizon1213
36806,200112011051kr
36807,97psh
36808,bin3005
36809,bkw0622
36810,byhan2253
36811,def677kr
36812,devjsh95
36813,dk10114
36814,dlbal18
36815,dog3027
36816,dongtony
36817,dudgns0330
36818,exfod2098
36819,fkrdud1125
36820,ftpri1998
36821,grw13141
36822,gt5516
36823,hamir2001
36824,hbbnnom
36825,hcb2017
36826,hgh930
36827,hj5o
36828,imkkh
36829,jhhwghg9911
36830,jil8885
36831,josehan12
36832,jun2ee22
36833,kcmvp
36834,khjkhj1212
36835,kirito987
36836,kjy154969
36837,kok5417
36838,lego1209
36839,like31
36840,limjiwan
36841,ljonghyeong1042
36842,minmiin
36843,onelight_01
36844,pplaneoo
36845,qhrmq1456
36846,rlaxogus3617
36847,rldus3512
36848,ryun71380
36849,salia_lia
36850,sangahvvv
36851,seaweedtreepot
36852,smartlion
36853,spisnoll
36854,sunha5042
36855,tlsghk1996
36856,twojin514
36857,uid
36858,uoio8090
36859,white_b
36860,who992
36861,www0267
36862,zernoa
36863,zoowon0203
36864,1117kjh
36865,adray0625
36866,alsxm553
36867,ansungho22
36868,atom20
36869,awboo
36870,basher
36871,blackue
36872,bsjigi
36873,cccsim
36874,clover7even
36875,dddddun
36876,dgk089
36877,dlsdn1207
36878,gyejoong
36879,haken82
36880,hjhhijk
36881,hkh7670
36882,inconnu98
36883,jayinlab
36884,jhmin07
36885,jimin3060
36886,jiyoonooyij
36887,joe2357_3
36888,kdr0709
36889,kimpring
36890,kolduck
36891,lsang428
36892,mulkong2
36893,navycert
36894,odyssey4
36895,paiksize_ishotchu
36896,rhwnrud123
36897,ritaahn
36898,seonhong3426
36899,stoneiron02
36900,stoneiron02
36901,syj9471
36902,vusdlq042
36903,wjdqlsdlekt
36904,wogns342
36905,ytk1510
36906,00mkr
36907,alsrl20510
36908,asdf123ggg
36909,ask9502
36910,devstar
36911,dev_joy
36912,disis
36913,dkffkam
36914,ehgud325
36915,gae1374
36916,gogotaxi
36917,good1588
36918,hanghae_henry67
36919,hidden3321
36920,hjjooace
36921,isoj0216
36922,jamdeun_gorani
36923,javaguy
36924,jjeonge2
36925,jjh031027
36926,jjj0
36927,juhyeok0418
36928,juno123
36929,junzzang97
36930,kiahoho
36931,kmw219
36932,ldj6192
36933,leeseuli57
36934,moyu01
36935,ppp9177
36936,qkrwoals
36937,qlalf
36938,rarenick
36939,rlawjddn7118
36940,rudtjr105
36941,seohyun0120
36942,shg5865
36943,skk_comedu_sihyun
36944,ssyun
36945,strive71
36946,tkddnr573
36947,whddnrkk
36948,wkd3329
36949,wnsdud12365
36950,wnsdud7941
36951,zerostar998
36952,0703olivia
36953,0912078
36954,29yong
36955,alfus78910
36956,anggo1998
36957,bekgol
36958,bsy508
36959,buchonsin
36960,chaem0215
36961,cheonjae
36962,cherr0
36963,chldpsk15
36964,cloure3504
36965,daiywlf5251
36966,dev0628
36967,dhqud2001
36968,dnjsgud0625
36969,doit6388
36970,garchomp1706
36971,ghddbwns9808
36972,ghonman2
36973,gk3126
36974,gusrb2776
36975,handayoung11
36976,hyseo22
36977,jada2039
36978,jeongminx
36979,jintae1954
36980,joython26
36981,kduk
36982,kjg0740
36983,kmj010203
36984,knu_jjy
36985,ktx3900
36986,leeejjju
36987,leehj4321
36988,myul
36989,namtndus
36990,nanya03
36991,nevermulti
36992,oh1701
36993,picom0025
36994,pjangh98
36995,pjy0422
36996,plaroin123
36997,roy577
36998,seri901
36999,seungho1233
37000,somsom116
37001,ssafy_zero
37002,taekmin1214
37003,tangerinelove
37004,th980
37005,tjddbs0401
37006,ttwocc99
37007,universe12
37008,vjvl95
37009,vnvj0033
37010,vv99911
37011,wjdwlsdndpp
37012,woony_k
37013,yechani
37014,yhb7544
37015,yiio08
37016,yuyunjae03
37017,ziro0914
37018,980926a
37019,aml123
37020,apfhd9043
37021,blakswansong
37022,bleny
37023,chlqudwns
37024,choisol0729
37025,codethinker
37026,dha0512
37027,dierdia
37028,dkxmrhe1
37029,dlehdals1216
37030,ehdnjs0804
37031,ekqhr13
37032,eodudahs
37033,fairy
37034,hyteotu7
37035,isl9702
37036,jminj6
37037,jso6167
37038,juha0708
37039,kikoo090508
37040,konghi
37041,ksb3458
37042,kwkwkw111
37043,leejisu0909
37044,lingalingalingaa
37045,lkc8426
37046,lsw9610
37047,ludence8
37048,minjae0626
37049,mol_lu
37050,naddang
37051,nadogoyang2
37052,nayeong_ee
37053,pinocchio9702
37054,piotwo412
37055,pjj3847
37056,realbloom22
37057,rlrmadydwls
37058,scrway15
37059,skulter
37060,smartosw
37061,sua03149
37062,sun_create
37063,sztddan
37064,terrykim96
37065,tjdghvoa792
37066,tokomati
37067,tqtq0201
37068,viva0330
37069,wjh9330
37070,wowhwan
37071,yhc407
37072,yim2627
37073,yiyi6464
37074,yjin9187
37075,ytsdo4
37076,zeratulted
37077,zzang0512
37078,absf123
37079,ajmok1240
37080,audtjr653
37081,badal62
37082,bbngg416
37083,beachu23
37084,belle4916
37085,cellowoojin
37086,cenoxos
37087,chjeon96
37088,dlwjddbs14
37089,dmswn598
37090,dnjstlr3686
37091,dolphin9292
37092,drcho10
37093,easyboan
37094,ehdrbs327
37095,hawking74
37096,hdh12345
37097,hira
37098,hobit22
37099,hyeonseob22
37100,ihm06280
37101,ju2361
37102,jungwoo1126
37103,junhee916
37104,kasfotes
37105,koorung
37106,kou2004
37107,kyl6294
37108,marie1018
37109,meeryuyu
37110,metamong27
37111,mhkr03
37112,micro_script
37113,mwg9503
37114,nawang31
37115,osh129
37116,o_0
37117,pill303
37118,pjeha0714
37119,pretybbak
37120,qkrgkdnjs23
37121,quite0207
37122,qwerpoiu0008
37123,riilly
37124,rladuswl
37125,rttty
37126,sbs7696
37127,seungsik_choi1
37128,shc0128
37129,skskwkwn
37130,sqewjqeuong
37131,starlsw12
37132,taeik0421
37133,tgt5248
37134,whdgkr1215
37135,whippingman00
37136,wngus1473
37137,xkrdudrlf
37138,xsiusix
37139,yhb9514
37140,youbeen
37141,yunj8649
37142,zircorn7
37143,zmqkf73
37144,317thwjd
37145,4047ksh
37146,aawwsde
37147,abell2667
37148,altttab
37149,animesy
37150,arecanon
37151,awy8768
37152,basickker
37153,chminho0224
37154,cms1575
37155,demirion
37156,dgs6400
37157,dhcorjs
37158,dlwns147
37159,dudah135
37160,ebcode2021
37161,ejoon
37162,ggur
37163,heemin5337
37164,hellou8363
37165,inchangsung
37166,jaymin05
37167,jaypark506
37168,jiwon405
37169,jlj425
37170,joseokhee17
37171,kelee0812
37172,kkh03291
37173,kkwwwjj
37174,kms00
37175,kso000111
37176,leeseohak
37177,lemonlaura
37178,levi_higher
37179,limjung99
37180,ljh8450
37181,mare137042
37182,migsking
37183,min1324354
37184,mini0950
37185,nicetkdwo
37186,nyximos
37187,pangoons
37188,pky0921
37189,qip0518
37190,qkrrudgns1121
37191,reborniam21
37192,rlagpqls123
37193,sean021106
37194,simyj547
37195,skgndi12
37196,spacejay1007
37197,ssmm0205
37198,thdrltjr789
37199,tmdals140
37200,tmddnr5410
37201,tmxjel
37202,whtpdbs9944
37203,wjdghks006
37204,wjdxortaek
37205,zel0rd
37206,zerohoons
37207,0666512
37208,100dana
37209,2012726
37210,96kenny
37211,abin7989
37212,ahj6377
37213,aidenrism
37214,apfel24
37215,aunps
37216,bac2545
37217,briandr
37218,chaeyoung05
37219,chl4855
37220,choihj105
37221,chongkong
37222,daejang3141
37223,daeng15
37224,devnovy
37225,dksrkdms00
37226,dkssud2020
37227,dlacotjs1094
37228,dragon071
37229,ehdqls7214
37230,ehrud25
37231,elzlelzl
37232,ff2744
37233,fsm1204
37234,g12345678
37235,gustjd11223
37236,hgw24
37237,hjeu0
37238,hyeyeon8752
37239,iasfk
37240,icpc202021
37241,jungjihoons
37242,jyujae
37243,kevin3671
37244,kstrarr01
37245,kybys0513
37246,leta
37247,lkw1989
37248,maydog
37249,nation
37250,nova0126
37251,nuro0913
37252,okchrisok
37253,porrasturvat
37254,rn1112
37255,scissorstail
37256,smcucu
37257,sn9214
37258,spinach0123
37259,thwan11
37260,tjddydhope
37261,tldud8296
37262,tohero21
37263,twinwood2011
37264,worl5
37265,xofks31
37266,youmin00829
37267,yyjh6714
37268,2004ckck
37269,2976622
37270,90lastday
37271,aa9919
37272,aaronkim
37273,arlee
37274,best106yj
37275,bora1064
37276,childman
37277,chlalswns200
37278,chlxodbs7777
37279,chris00258
37280,cold2020
37281,ddtlr3200
37282,dlwldjs7544
37283,duwlsdl1533
37284,ehdrjs2517
37285,fridason
37286,gardenk
37287,ghddmsrl01
37288,ghdtj7
37289,gjw0407
37290,gyyoon4u78
37291,hhj5432
37292,hjungwon034
37293,holyholysxxt
37294,hope0456
37295,humanlearning
37296,jhn1028
37297,jjh5216
37298,jjwwk
37299,journeyji95
37300,jw291
37301,kec0130
37302,kimcheng0101
37303,kjwoo31
37304,kods22
37305,krome
37306,kyw0615
37307,lanedok
37308,latrouba
37309,lhjae1
37310,nari08132
37311,nave369
37312,panda8404
37313,pitaolap
37314,pkjohn91
37315,qkrdbwls191
37316,qkrtjdwls963
37317,qoeos2
37318,rhqo123
37319,rkwkrkwk1029
37320,s1004101
37321,saemnyang12
37322,seo3879
37323,seoki020314
37324,shhmun02
37325,sjg729729
37326,skfkd3123
37327,skychl9358
37328,soybean124
37329,sss999
37330,suy0594
37331,tan
37332,tglee93
37333,thingjin
37334,tjgus8001
37335,twkwon0417
37336,vip0623b
37337,wjdeogns1058
37338,wjdtjwls0325
37339,wjs0518
37340,wngktjd13
37341,ykyk888
37342,yumin
37343,yw97
37344,yxsxyx00
37345,yyyyd_526
37346,zkgkthsus
37347,zzxx1579
37348,2415kdy
37349,adrinerdp
37350,bbbbom
37351,bigchoi1
37352,brothergive
37353,chibest
37354,chiconee2
37355,dangsal
37356,djm04320
37357,dntjd5901
37358,dominance5995
37359,ekdh9815
37360,enjoymylife987
37361,eunhxx
37362,gjr191
37363,gnlwls0623
37364,godgod153
37365,gpdldydaoa99
37366,hommersimp
37367,hyensure
37368,hyun2358
37369,intkr
37370,jeongs741
37371,jihwanj21
37372,jola7373
37373,jwsun02
37374,kimhaneul
37375,kkj1111
37376,lamiro3
37377,lavi
37378,lee_1101
37379,ljhtop100
37380,lolo5329
37381,mims1120
37382,mongmio
37383,nohseunghwan
37384,ojawl1204
37385,onlymarch
37386,philip9504
37387,phj1407
37388,pstar987
37389,qkrrhkdvlf11
37390,reaoeo
37391,root_kwak
37392,rottena3
37393,sangahn0524
37394,saoh55
37395,sel2161
37396,sera9604
37397,sh827kim
37398,shineunbi
37399,shinker1002
37400,sinho667
37401,sisu
37402,skarltjr77
37403,skh8609
37404,soh2878
37405,sukhyun1017
37406,thonamon
37407,tinybeing
37408,wjdalstn520
37409,wjdxodud29
37410,wk30815
37411,yameame320
37412,yhk6456
37413,z0mk1n9
37414,2000dw
37415,ahrlrn2
37416,alice4367
37417,alsrl3313
37418,alstjd025
37419,ansix
37420,apfhd5620
37421,audrms58
37422,bboroo626
37423,bom_329
37424,camping123
37425,cgm97
37426,chachaami123
37427,chldlsel
37428,chorokmoo
37429,chy053
37430,ck955
37431,cutie9438
37432,diddytpq5
37433,dkin1020
37434,dksdmsrl1005
37435,dpdls1021
37436,dyffh1031
37437,eoalthal
37438,fe00045
37439,gkrry2723
37440,guestzeroone
37441,hhe0723
37442,hjw705
37443,izmne49
37444,jack4806
37445,jiu3159
37446,jiwan1228
37447,jody9852
37448,jskim189
37449,jsmedia9376
37450,junhyeong2010
37451,jy02jy05
37452,kimhyowon1116
37453,kth2242
37454,linuxlight
37455,lyg3715
37456,made0676
37457,mandudohyun
37458,nonetype
37459,oyuiw
37460,rlxo6919
37461,sangho007
37462,seol940601
37463,sh5020k
37464,shinpaul97
37465,shwoo10
37466,songlives
37467,sport010416
37468,ssmyym
37469,stome6322
37470,topabame
37471,tpdud
37472,tso5245
37473,wan3125
37474,watermin
37475,woodywarhol9
37476,wowboya
37477,wyjung0731
37478,xmfpahdjf
37479,yangpa998
37480,yeonji0660
37481,ygworld50
37482,1031b
37483,3sung
37484,alfo9490
37485,alice0923
37486,blisle
37487,changmuk0208
37488,changwonchun
37489,chr9801
37490,cksdud02
37491,cupid0919
37492,cynic311
37493,d0vetam3r
37494,dlekgo79
37495,dofla4226
37496,eh0504
37497,enc2586
37498,geonuahn
37499,ggtttfa
37500,ghdwndi013
37501,ghdzhddl
37502,hong2
37503,horriblemoose
37504,hykeegj
37505,jhl3646
37506,jini00
37507,juno0810
37508,kcong1
37509,kevinntech
37510,kingkangkr
37511,kkhmsg30
37512,kmdngyu
37513,knp0000
37514,kse816
37515,ksj0205k
37516,ksk3083
37517,kysn77
37518,lds961006
37519,led1394
37520,leemkl
37521,leo4042
37522,leo503801
37523,lk7938
37524,lss6436
37525,malkompc
37526,miseongk
37527,nature4724
37528,pjyma30319
37529,p_p
37530,qkrgksqls2000
37531,qorwns123
37532,rupin000909
37533,ry123
37534,s07bn31
37535,sdalbsoo
37536,sein9424
37537,suki8352
37538,summer_lee
37539,sungon1475
37540,tigerson95
37541,wingband
37542,yeee1064
37543,angryskull
37544,ansankdh
37545,aq29c68
37546,bluebanana
37547,bumin90
37548,chancjswo
37549,choej2010
37550,coomnamo
37551,dbsgk5043
37552,dbswkd76
37553,dlsrtyex42
37554,dlwldms7374
37555,dohyung
37556,eunhak11
37557,fhqlatm
37558,gabury1
37559,ggmiseokim
37560,gurwls6430
37561,happyj6528
37562,heize0502
37563,hhs0991
37564,hj0928hj
37565,hj91k
37566,hw991227
37567,jh0714
37568,joeysos
37569,jun0903
37570,junbum0674
37571,junhr99
37572,jykim0418
37573,kdh050313
37574,kjh062627
37575,kth3634
37576,kyna0312
37577,ljm0208
37578,ljw2869
37579,llsa0927
37580,lning21
37581,locomoco
37582,lyn981026
37583,lyr8403
37584,minju2604
37585,ojysmu
37586,orangejun0610
37587,oyjgod02
37588,pminhee114
37589,pnp3737
37590,pyo1748
37591,rjsah09
37592,rlarltj123
37593,rlatsd0613
37594,rokmck150
37595,sahngrhee
37596,seunghun311
37597,sidaca
37598,sin0601
37599,sspriing
37600,steven1991
37601,sts06030
37602,taeflower9
37603,taeil777
37604,testdongguk
37605,tjrgh2192
37606,tlsgustn0
37607,tod9898
37608,tofhadl529
37609,tonyjung01
37610,tpwns2445
37611,vex
37612,whwkahd3
37613,wlshddlek2
37614,wlsrb00s
37615,wnahd703
37616,wnsd4540
37617,wom555
37618,ymsw1027
37619,ytam
37620,zorimo
37621,23_15
37622,a2176007372
37623,akqjqtk1096
37624,alexxlee66
37625,algolroot
37626,basilry
37627,bblue
37628,boogahead
37629,callmeson1
37630,canaein12
37631,chunsick
37632,csw31915
37633,dainelcho07
37634,darkmoon
37635,devrivmt
37636,drq5
37637,eodnjs9874
37638,flycoflyco
37639,ghs1222
37640,gksvlfgh0602
37641,hailsy
37642,hohoyou
37643,holyflower95
37644,hyuns98
37645,idman220
37646,j3jjj2021
37647,jaewoo2009
37648,jangeuntae
37649,jsh03339
37650,kangms1234
37651,kc3337
37652,kelee0314
37653,kisunghoon
37654,kuanam1012
37655,kwunoh
37656,lee2326
37657,ljy7863
37658,m1nu0_0
37659,mainid3934
37660,mc_haul
37661,mjh2061
37662,mjw5718
37663,namil0721
37664,niu9786
37665,notioni
37666,onesdh
37667,pcjo1202
37668,peh960725
37669,piatar
37670,pjs102793
37671,preparedmale
37672,purum77
37673,pyj4164
37674,rbwjd0101
37675,rkdals714
37676,s5593
37677,sdw504512
37678,shift2310
37679,siftheads
37680,sjhj9311
37681,sksmsdbwogur
37682,snakes0625
37683,sshs20068
37684,suanbo_frog
37685,sumin110v
37686,synurgy
37687,tjalsrb989
37688,tmdwnstmdwns
37689,whlee99
37690,wlwhstjdgur
37691,wlwns321
37692,wnsgud6844
37693,wook2124
37694,yeojinsoo
37695,yuyu5850
37696,zibago
37697,1000jjj
37698,ahyoon97
37699,azsxfv92
37700,banmalhajimara
37701,bcn5186
37702,bunge24
37703,changakim
37704,changmin6928
37705,chet7397
37706,chlrkdgml11
37707,choi00
37708,choijy0303
37709,chw1787
37710,clarajeong
37711,cmjasdf
37712,cyrjang
37713,dbwodyd105
37714,dbwowo
37715,dheldh20
37716,dreamlmy1203
37717,dudrhkd7811
37718,dyj0304
37719,eunmik1022
37720,europa0306
37721,freeland02
37722,gnadi4
37723,gnrl9416
37724,gustmd
37725,hana4979
37726,herryboro
37727,hk14
37728,hwiseong_lim
37729,hzzz26
37730,idiotonc
37731,isd3554
37732,jcykk01
37733,jhk0712
37734,jjunho1011
37735,js22642720638
37736,kordn
37737,lee_jangho
37738,lehiewl
37739,libpark97
37740,mongtons
37741,mrcodari
37742,msk0324
37743,msk4789
37744,ms_1st
37745,musichead99
37746,nwkim1
37747,pch145
37748,qkrxodnr2856
37749,redgun
37750,rit
37751,rlagpwl111
37752,sj13
37753,sk081213
37754,slideonon
37755,sos9210
37756,sw4796
37757,swp607
37758,thdalswn28
37759,tlsgks678
37760,tndus7270
37761,trueman9512
37762,v55ads
37763,will6867
37764,winni
37765,wjddls307
37766,wjddmsehgus
37767,woojin_song
37768,woojm27
37769,woorim960
37770,wwdcr2
37771,zheldaos
37772,1017hana
37773,1995uuu
37774,2014136047
37775,2gis
37776,akrso999
37777,alsrb8711
37778,anayana9988
37779,andpgh
37780,appar2014
37781,b811140
37782,bsk9124
37783,chaeyeon
37784,choi0415
37785,choseoin1140
37786,codhyewwn
37787,dlckdtn621
37788,dnj456
37789,dnjswns775
37790,dnwlsghks3442
37791,dnwltjd1234
37792,ehan2121
37793,eunho0650
37794,florichlife
37795,guswl9_9
37796,harang3427
37797,hodori33
37798,hongjwan
37799,hsoh0423
37800,hwpak98
37801,it9900
37802,jhu
37803,jinhyungrhee
37804,jjass11223
37805,johnjoon
37806,jojooh9720
37807,kkogggokk
37808,leejaehyuck9
37809,lina1919
37810,mariah8880
37811,meoungjun0k
37812,minsik5391
37813,mskjw63
37814,mwj09
37815,parkkingcar
37816,psj970907
37817,qorcp
37818,rbdnjs4
37819,seo15yeon
37820,skyway21c
37821,slrkanjsepskf
37822,smallyk99
37823,ssssssss
37824,sy8044
37825,tamiflus
37826,thdwodn2374
37827,thtl1999
37828,tlaths
37829,todayisthelastday
37830,tudy3241
37831,vytmdduf
37832,wh0228
37833,woo9901
37834,xorwls150
37835,ymj07180
37836,yooha0518
37837,zooregi51
37838,abo3323
37839,andylhw
37840,art2292
37841,auline
37842,brown975
37843,certman
37844,circle119
37845,djdisodo
37846,dkdg65
37847,dkffprtm0404
37848,dldnjscks19
37849,dlrmslthem
37850,dmsguf93
37851,dmswl12
37852,dpsc615
37853,eoghks4979
37854,ez_code
37855,force9827
37856,fordevelop
37857,g05050
37858,gongsil_02
37859,guswls2610
37860,hk5426
37861,hsseo1029
37862,hyeopplcosil
37863,hyunook02
37864,jjjjj_eee
37865,joje1003
37866,jundo1302
37867,junepay
37868,ken1019
37869,kes3735
37870,lambdadda
37871,lcocvce
37872,leegj93
37873,liilliill
37874,lky9620
37875,lolonoa
37876,lqez
37877,mfe1006
37878,minimi03
37879,minjunismoungmoung
37880,minjunkim0205
37881,mjs1200
37882,nid
37883,ninini
37884,njoyshadow
37885,nneo
37886,oriotie21
37887,oxweek
37888,pariston
37889,peter5539
37890,phlox3317
37891,pointblank
37892,pp0202
37893,princesong
37894,rlaxogns6515
37895,samjudylk
37896,sieun960513
37897,weov
37898,wlghks0508
37899,wlstjd31
37900,woojim11
37901,xor0925
37902,ymini0514
37903,youla6
37904,yunjuan18
37905,yyongjjang
37906,0urloveis_great
37907,aayy4321
37908,agn710
37909,bluesummer02
37910,camo132108
37911,cavper
37912,changkim
37913,daegyun54670
37914,dk10412
37915,dnwjdtn21
37916,enjxz97382
37917,gg3
37918,gleefe1995
37919,godgod7789
37920,godlatnals
37921,goldenboy
37922,golmokdaebbang
37923,heenbee
37924,hong1929
37925,jaewgwon
37926,jayesay
37927,jeewoo4322
37928,jinkyuh2001
37929,jk05018
37930,joolee1998
37931,jwook97
37932,kang7604
37933,kangjsu
37934,kgm0526
37935,kyjglobal
37936,larry39
37937,loveacaji
37938,minsik333
37939,minsik_kim
37940,mj006648
37941,moonmin809
37942,nakim3159
37943,ofjsl
37944,otcroz
37945,pleasepickme
37946,pooky0124
37947,qkrwndnjs3
37948,ritoru473
37949,rlarbqls2405
37950,rmfos5813
37951,s007dds
37952,shms420
37953,sunmin0406
37954,taesu08
37955,tank422
37956,tkdgh4321
37957,tkdghks4564
37958,tonypark9904
37959,useong1224
37960,watchme5001
37961,wjeh7845
37962,wndms148
37963,ws8313
37964,yeo0109
37965,ykmxxi
37966,yungu7
37967,yunjo8179
37968,zara9006
37969,zcx0701
37970,0923yunhee
37971,1201ljhun
37972,1cielo
37973,2win9
37974,73tmddus37
37975,aa7383
37976,afcert
37977,alstjrdkwk1
37978,alswl27
37979,aodwndhks
37980,ateahyun
37981,bin9002
37982,bsy17171
37983,cek0621
37984,chgju35
37985,chickenjoah
37986,choijh3669
37987,cjss0514
37988,ckd1040
37989,dasi
37990,ddungddujoa
37991,devmkki
37992,dk_10402
37993,dla2371
37994,dudgus1987
37995,dy1238
37996,esteban1009
37997,fijienny
37998,gangmin
37999,greencoin4
38000,hhkim0729
38001,honmmnmm
38002,ican0534
38003,ikarus702
38004,indigo8006
38005,inetty
38006,izonejangwonyoung
38007,jangjh12
38008,jeonjh0321
38009,jh11240
38010,jhs0315
38011,jhshin0518
38012,jiinnn
38013,jml0727
38014,junhostar95
38015,junoh3993
38016,junoj123
38017,jwlee0424
38018,j_nini
38019,kbuild
38020,kgch0301
38021,kimhs0459
38022,kresource
38023,ksh1004
38024,lanco1219
38025,lieto96
38026,livelyjuseok
38027,losie
38028,louis1315
38029,m55f
38030,min0329
38031,mingenius
38032,minlee0525
38033,mood_hacking
38034,msj040130
38035,msmk530
38036,odo2785
38037,po00076
38038,qera
38039,ra3bit
38040,rain77333
38041,rkdckstjr
38042,rnfaos77
38043,rud03gus06
38044,saint6839
38045,sandoll99
38046,sanhae2245
38047,sayhwan
38048,scarfaced
38049,seoy316
38050,shkim7020
38051,sjjeon126
38052,skael1224
38053,slrkskfzz
38054,soo4826
38055,soupsoup8
38056,ssyyfhappy
38057,sungu1516
38058,sunme567
38059,tes_t_001
38060,thdud001012
38061,timkim01
38062,tlswldbs12
38063,untruthmask
38064,uwwuww33
38065,wad0125
38066,whalstn77
38067,white_u
38068,wjddkkl
38069,xowls303
38070,yb8350
38071,yonnie
38072,youmg0215
38073,zsally
38074,ahrthfl4561
38075,andyaaa78
38076,anomie7777
38077,ansckdgh
38078,barry0105
38079,bkmchangemin
38080,carrotj
38081,cjw2577
38082,cutz
38083,dlwpdlf147
38084,dymin0229
38085,eltl1237
38086,gatzby0904
38087,haddol7
38088,hagecey847
38089,inkasers
38090,jaeuk0228
38091,jhj603
38092,jicco6403
38093,jiwon3346
38094,jiwon_me
38095,joony6633
38096,junha0103
38097,jyp1301
38098,kdm1258
38099,leejunsung
38100,liciaan
38101,lje3896
38102,louisryu
38103,lxs0940
38104,msmasd
38105,ohje7530
38106,pgs2285
38107,php
38108,pjj0192
38109,ppp3195
38110,qusdyd0905
38111,rekamilito
38112,rssr96
38113,ryuu527
38114,sam3970
38115,saram1233
38116,sharlotte
38117,shpark120614
38118,sirzzang
38119,sowhat0516
38120,sunwoo20141
38121,szpdkss3
38122,tjswo0323
38123,whehddl0
38124,wjdxo513
38125,wlals761
38126,worrior321
38127,yoonkyung0309
38128,yuu_ta
38129,22sonamu
38130,aftersnow
38131,aing93
38132,akuby1008
38133,applepie1212
38134,bbagwang
38135,bluetang
38136,bmk07111
38137,cmg6086
38138,cozysik
38139,craycoding
38140,crym6742
38141,cubar1s
38142,daekyeong
38143,dk10519
38144,dldnjswns516
38145,dlwogns9950
38146,dokdo2013
38147,dp0973
38148,gaegoory
38149,gypsi12
38150,hanslayer
38151,hooka
38152,hyunho7979
38153,igoobo
38154,ilove7469
38155,imj04043
38156,inhwa1025
38157,jhd6290
38158,jungjyh0723
38159,keepithunnyt
38160,kim010c
38161,koonta
38162,lky3004me
38163,luvestiv
38164,lyk7453
38165,mslub16
38166,nabsj
38167,neozzio
38168,passpark
38169,pendulum256
38170,primegoon
38171,pypy0629
38172,qh90ek
38173,qorwnsehdghks
38174,rlaxorbrlaxorb
38175,rlduds135
38176,s1ngular1ty
38177,seanegade
38178,shane021212
38179,silvor7
38180,sungju3115
38181,theshowmustgoon
38182,toribega
38183,weq2998
38184,windid
38185,wnthd70
38186,wocl123
38187,woong667
38188,13131325
38189,32sylee
38190,777john
38191,8bitcrab
38192,a7616497
38193,aa55520365
38194,aifjwhr1880
38195,anfy0723
38196,ash0814
38197,bbakgong
38198,bjigeon
38199,cart20000
38200,chlasnmzx2
38201,choitree91
38202,codingo
38203,csissis
38204,dany1124
38205,dlekdms1026
38206,donghwi3425
38207,dudckskr
38208,eclipse94
38209,ehdwn4019
38210,eungyo0905
38211,ffroncase
38212,ghqkd20
38213,gmlwns9050
38214,grade1207
38215,jaein4231
38216,jaewon786
38217,jenjer
38218,jjw000628
38219,jm20004
38220,jooh9797
38221,juliachoi0625
38222,junhan6194
38223,junsu929
38224,jw_choi
38225,kb053406
38226,kcc8888
38227,limlim
38228,lje4709
38229,losajn
38230,lyp3238
38231,nnjebj
38232,ohr051221
38233,osm3314
38234,parkdosol1
38235,parkgh7124
38236,popcon441
38237,py0917ba
38238,q02as119
38239,rkdcndrb
38240,ruin2358
38241,sacyz1n
38242,sansan20
38243,sizning1412
38244,sua3269
38245,swye199
38246,thuncol12
38247,tjsqlfkdls
38248,tkddnjs1203
38249,wkdtpwhs
38250,wkszlf98
38251,woong8730
38252,woosung0023
38253,z100444
38254,170_mosquito
38255,aju1127
38256,alsgml2957
38257,chaeull
38258,ckdwls6504
38259,cwb2310
38260,dandmaxx
38261,dbworud1234
38262,dink95
38263,dmdsik
38264,engeliss
38265,eunseo120
38266,fls2178
38267,ghwlsdbsdud1
38268,gihozzang
38269,giovanno64
38270,hawn7199
38271,hay1er
38272,hirobin2001
38273,icemint
38274,idkidk25
38275,inheekk
38276,james0107
38277,jinxuan4100
38278,jopping02
38279,kms0202
38280,lcd479
38281,lebaland
38282,limms2000
38283,luckyamelie
38284,myjinhyuk
38285,myungwoo02
38286,pss2408
38287,rabbit72
38288,releng2
38289,reyna11
38290,rlaalsdms1
38291,rldod526
38292,seoll77
38293,shinje99
38294,sht06025
38295,silv99
38296,sjh3992
38297,skdmldyd23
38298,sms1599
38299,soc05129
38300,son0227
38301,spiz97
38302,teddyyeo
38303,tenag
38304,tghui
38305,tkddbs0411
38306,ttb0622
38307,va9360
38308,whhm312
38309,wkadnsj
38310,yena2021
38311,ykhjang
38312,yoonchankim09
38313,yudaegi97
38314,yuna1502
38315,247cloud9
38316,5tmdhkfem
38317,andy9608
38318,apkgh
38319,ardorhth39
38320,brandon1609
38321,bunkason
38322,charyuza98
38323,chobobdev
38324,chris3685
38325,cnewbie
38326,cockymyuze0032
38327,csw020106
38328,cwshin121
38329,dani02
38330,danny1403
38331,dbdusdkaa
38332,dbsgh8941
38333,de0978
38334,dearyeon
38335,devlsh0124
38336,dk10105
38337,dk10221
38338,dltmddk1023
38339,dullychick
38340,ejsja
38341,et9904
38342,eyesonme
38343,finger15
38344,gan152
38345,gayunkim
38346,gofn0807
38347,golmoking16
38348,gu20313
38349,gupeng_0428
38350,hanno31
38351,helloworldhello
38352,hh0630
38353,hhe4488
38354,hiwhwnsgh
38355,hongmin010
38356,imin
38357,inki01
38358,jilp1598
38359,jjys9800
38360,johncake
38361,jungbada269
38362,jyw1218
38363,jzizsuuz
38364,kdyoon94
38365,kkankkandev
38366,ktkim980
38367,ky7527
38368,kys2040
38369,lackcat
38370,lana130
38371,lhwjenny
38372,lma8058
38373,louxsoen
38374,minwoo1119
38375,molba06
38376,nebi25
38377,nothing0502
38378,ohjihwan123
38379,pluswick_k
38380,porsch
38381,psh923ba
38382,refz789
38383,rlarudgks
38384,rlawuchssha
38385,ruby001
38386,ryuandmi
38387,seanpch
38388,stg9142
38389,sungkyulh
38390,swl9455
38391,tantan2
38392,ths123
38393,tkddbs7070
38394,trash3931
38395,uni7378
38396,veliever
38397,whdwnsdk8111
38398,whitetor
38399,wingspec
38400,wjs_5025
38401,wpals0908
38402,yogurt1020
38403,youngsk786
38404,zoe21
38405,27kim
38406,4roring
38407,ahjin0845
38408,ahnwanimam
38409,ary7811
38410,beriah
38411,bhs8931
38412,can9993
38413,celenort
38414,chamdom
38415,cm1913
38416,congx2e
38417,dan990429
38418,db4350
38419,fullop
38420,function_berry
38421,glowring1
38422,gofc13
38423,goomg93
38424,gpkim
38425,gudrms64
38426,gywkcosjf
38427,herodion
38428,jch234
38429,jenokkal
38430,jhlee_dev
38431,jumincho
38432,kgh12389
38433,kibak812
38434,kimdw0528
38435,kova789
38436,mari
38437,media2798
38438,micman747
38439,over1122
38440,oxhe2038
38441,parklee9928
38442,qkr5158
38443,r0cd7b
38444,rlaalswh531
38445,rlatmdgh1123
38446,rlcjs131
38447,salmontaker
38448,sbjo1202
38449,sdm6410
38450,secretforest
38451,snhoa16
38452,sourpe
38453,swpark0714
38454,temuchin
38455,tlsrhksdn1
38456,unanc2
38457,virus1235
38458,whistle
38459,wjddn6220
38460,wlsdn0810
38461,wngud6012
38462,wns8363
38463,woody35545
38464,wowoo812
38465,wpdhkd1642
38466,xogns556
38467,yoosh199
38468,ysy0828
38469,yumin97
38470,ywc1014
38471,zbvs
38472,zheldrhlanf
38473,zookim8007
38474,09nice11
38475,aipooh8882
38476,bg8282
38477,bria051
38478,caribou503
38479,chj4040810
38480,choebogeun1
38481,chojun379
38482,cjdthdeotk
38483,dmsrhkdakdmf
38484,ehdgur4277
38485,enterprise09
38486,frozenlee7
38487,galakrond
38488,hjjung933
38489,hojoon905
38490,hw345678
38491,idjjm92
38492,johnking0311
38493,joolisa
38494,justfreedooom
38495,kjeon0901
38496,kkkxodid
38497,ks7sj
38498,k_gyujin
38499,la_y
38500,liverpool99
38501,llillll
38502,lse4833
38503,mjkbot
38504,mjkim11235
38505,nick995
38506,numpy
38507,nx031002
38508,pega0922
38509,phj2784
38510,pparkheong96
38511,qaz6655
38512,qkrwotydtyd
38513,quokka05
38514,rhdjfud
38515,rickshaw8588
38516,rkdalstjd113
38517,robinhut0071
38518,saveewin
38519,scott2527
38520,sdfk52
38521,seb425
38522,skageec
38523,skatjdgns
38524,slothonthebed
38525,sophia0329
38526,sue6110
38527,wjk2325
38528,wnsgur016
38529,y3566602
38530,2400emrkwk
38531,7mini96
38532,adhefia
38533,alstjwo98
38534,brightalot
38535,broccolihair
38536,bsj1209
38537,calicedev
38538,chaeyul
38539,codemong
38540,csb030505
38541,dabinchi388
38542,daniel4578
38543,dbr1214
38544,dduddani01
38545,devyouth94
38546,docdocdoc19
38547,dovekim
38548,eles320
38549,euijin3054
38550,fhsk155
38551,gta
38552,gukbapunch
38553,hochoi8621
38554,homil2
38555,huiwo0
38556,hyeongrok7874
38557,ihatbuet
38558,isaa1107
38559,jiohan
38560,john66son66
38561,jun2011
38562,junen
38563,kanghun1121
38564,kklaybsjnd
38565,kkuki_lee
38566,kmj01103
38567,kod
38568,ksb0703
38569,ksw5830
38570,leop0ld
38571,lotus_oreo
38572,luna512
38573,man9ky4
38574,mdm
38575,mintseok
38576,moey920
38577,na2na7
38578,p0430p
38579,pjs1795
38580,polynomeer
38581,qkrghwls77
38582,qowwl
38583,rltkwpdntm
38584,s200b150d200
38585,sds111888
38586,shg1725
38587,skenart
38588,sunminjeon
38589,swc03171
38590,thfxm0601
38591,tmdwk123456
38592,tpqms7
38593,twham21
38594,wjd15sheep
38595,wogur9503
38596,xogud3445
38597,yes2310
38598,yoon010317
38599,zooneon
38600,zzieyh
38601,zzz2757
38602,1herjs1
38603,21snuecon
38604,baikdk
38605,balotelli45
38606,bjgh66
38607,blaster154
38608,canddang
38609,casia
38610,cdefgh992
38611,cgs010100
38612,cksgud0403
38613,dh2995
38614,dhs1995
38615,dk10319
38616,drdragon777
38617,edlsw_jungle
38618,ehdrms5665
38619,eunjeong6314
38620,fafez0216
38621,fkdla124
38622,flyant01
38623,gimbop
38624,gjskarb1492
38625,gksms1495
38626,gon
38627,hoho9711
38628,independenceday
38629,jeongdonggyeom
38630,jestiriel
38631,jhpark
38632,jhyoon513
38633,joyful2529
38634,jyy6678
38635,kec050811
38636,kimarang70
38637,kimjin2468
38638,kimjuho08
38639,kimzn12
38640,knue1067
38641,knyg99
38642,ktydoory
38643,kwg03242
38644,ldkl123
38645,lsh8155
38646,masterkey
38647,mj8336
38648,okysky1121
38649,pkr08205
38650,roychoi1020
38651,sam65364
38652,sbo2233
38653,see101702
38654,setsunalul
38655,shiroha235
38656,shyunk223
38657,sjm980301
38658,sm4242
38659,suminp0q
38660,sun1497
38661,sunbal
38662,vidaloca827
38663,wjdrb0636
38664,wkdtjsdnd12
38665,wldnjs4109
38666,ws4232
38667,wyuwyu33
38668,xldzjqpf94
38669,yewon921
38670,zelhd21
38671,zgze123
38672,znqldhkd
38673,90seok_0
38674,aam411
38675,alexkwonpro
38676,alsdn5192
38677,appsky1888
38678,aweer12
38679,caoidwa
38680,cathy
38681,cjdxla1004
38682,cksqls2
38683,dhalswjd30
38684,dhduwns
38685,dkssudqnstn
38686,dlrjswn96
38687,dnjstndr9
38688,dusa0416
38689,entrkjm
38690,eom175
38691,geon5468
38692,giyukim
38693,gpal1014
38694,gugu041118
38695,gusdbwls97
38696,gusqls1124
38697,hedbewd
38698,hseol96
38699,hyeontack5
38700,index_go
38701,inrap8206
38702,jinkyu219
38703,jjhking777
38704,jsok0519
38705,junman95
38706,kamenano
38707,khb7190
38708,kilhk1120
38709,kimsb1017
38710,kkam2
38711,koust6u
38712,ksj2230
38713,ljs981120
38714,lloufrigpt
38715,minha62
38716,mygod753
38717,name_chichi
38718,nhkim1529
38719,phm0127
38720,psh5487
38721,qkdlqmf
38722,qwer852
38723,rainbowhat3
38724,rlawldus3412
38725,rmsdlf2580
38726,rrddo
38727,sama65k
38728,saorin12
38729,sky980221
38730,slugger613
38731,snowsky
38732,songmeric
38733,sssm0928
38734,startliner
38735,stw550
38736,suyeon821
38737,syeongppp
38738,thddntjr1234
38739,whvhrqhrud
38740,wlgns803
38741,wojin57
38742,xoals2024
38743,yoyo2000
38744,ysw106
38745,ysy5593
38746,yujin11006
38747,zksdbstjq
38748,zxc6543f
38749,0417jjang
38750,albertyang
38751,alswjd1276
38752,andongyun200
38753,beingbright95
38754,bhg0805
38755,biscrab
38756,bjy0730
38757,bonder1010
38758,burntrice3
38759,ccomamin
38760,cejung2p
38761,chanhoe10m
38762,chlwlsgur801
38763,chunyacha9923
38764,dhckddud1000
38765,didqocn114
38766,djung95
38767,dldyddnr7
38768,dltnstlsqnf
38769,dopia976
38770,dudowalr
38771,dust00
38772,duswl5517
38773,eomjy1226
38774,eun072
38775,ew0220
38776,fere1032
38777,giddn1234
38778,g_m_jun
38779,hansol1211
38780,hfbdbxn
38781,hwan1997
38782,hyunjoon1112
38783,ilwonsu
38784,isin5435
38785,j91323
38786,jhs1047287
38787,jinseo150
38788,jisucom
38789,jiyun0524
38790,jjw8967
38791,kawahikari0528
38792,ksj9911
38793,lakingsung
38794,lastgodmother
38795,latina
38796,lee82088
38797,leekm0310
38798,leesj2570
38799,ljs5960
38800,lottoian
38801,marload
38802,mascari4615
38803,melpes
38804,michael3401
38805,ms1011
38806,naco79
38807,nak97
38808,neverxind
38809,nonune
38810,ois0531
38811,ojoon02
38812,olaf66
38813,paulkth2
38814,phzzz
38815,pigret95
38816,psh040
38817,pumpkintime84
38818,qwdbwp
38819,rlatldjs00
38820,rosshjb
38821,rudalscode
38822,ryujh1021
38823,sdh210413
38824,shyne2496
38825,siminwon
38826,sjihunn
38827,sksdbthwjd
38828,softhoonie
38829,starklee
38830,study_id
38831,su2212
38832,suadeomgit
38833,syi04013
38834,syjssj95
38835,tomatowa19
38836,topt
38837,univ7868
38838,wed7590
38839,whtjdco1234
38840,wonski1202
38841,wseora
38842,wwwz4805
38843,ximya
38844,xiriusa
38845,yclee126
38846,yh4268
38847,yujaemin9199
38848,yvsc5020
38849,950804sy
38850,antigen47
38851,arpes0506
38852,asdasfafsf
38853,aslla77
38854,bathory08
38855,caleb111
38856,chb0127
38857,chickenisyummy
38858,cjhun1222
38859,cksdud7890
38860,cyi1769
38861,dabman4011
38862,devdw98
38863,dkanvk1
38864,dkfmals
38865,doraemon0903
38866,duru_mi
38867,dustsuite
38868,friendwnsgus
38869,gshs381103
38870,gwk1125
38871,gyeonghogwag
38872,hj001003
38873,hwan753
38874,jb5458
38875,jin1408
38876,joyeunchong
38877,khj9481
38878,kimich1218
38879,kjs01023
38880,kjy9337
38881,korea_ac
38882,koriko
38883,la_galaxie
38884,lhe5254
38885,lis1220
38886,ljh468
38887,mosi
38888,msh8059
38889,olivia1349
38890,ponette1
38891,psh117
38892,pyh0502
38893,rejkh5020
38894,rjsgml3959
38895,rladbsrn9999
38896,rlagoalsmc
38897,rlandjsqls19
38898,ryu01254
38899,sjaqjnjs
38900,soo613
38901,winter053
38902,wsx0618
38903,xhxhdk017
38904,yjbichon
38905,yjun0629
38906,ysjoo27
38907,yujeongmon
38908,zjjorsia
38909,zjunghoo
38910,zxl3651
38911,aksen020304
38912,alexbh00
38913,alyssa3086
38914,atpdnd
38915,bedurgi999
38916,bluetoon
38917,caffeinelover
38918,cds05060
38919,chldudqlsdl
38920,chltjdud8181
38921,chsm0403
38922,ckddn9496
38923,dlwntjr1134
38924,dofqls0127
38925,ehdtn3680
38926,eowl16258
38927,euclid73
38928,gginn1234
38929,ghj6282
38930,gkgkfndudals
38931,go4521304
38932,hanseungwoo05
38933,hosyrica
38934,ioworks
38935,joker98
38936,jootk1
38937,jun311k
38938,kangyj050522
38939,kimchaeun1024
38940,kmk9970
38941,kyinl
38942,kys010306
38943,leesj8115
38944,limm0jk
38945,mini9698
38946,ojh050118
38947,once29
38948,opeerats
38949,purejang98
38950,pvpvpvpvpvp
38951,qorgkdus12
38952,qwer10897
38953,ruinable
38954,scalla31
38955,seungjinkang11
38956,sgo4168
38957,shyme2055
38958,sonb
38959,stuff789
38960,taehee_kim_dev
38961,tasel220
38962,tjdud4545
38963,trans
38964,whwh9652
38965,wnsmen
38966,xogns1514
38967,yellowday60
38968,yodg3456
38969,yunseohyun
38970,zipizz
38971,zirafe
38972,a1kim
38973,apxkfalsdn12
38974,bcking92
38975,chansol1019
38976,chsuhj
38977,coldwisdom
38978,contest_account
38979,dadol
38980,dbskarb99
38981,dbwjd1094
38982,defren
38983,dkdlelanjgkfrk
38984,dlqud10
38985,doris5
38986,dqsr
38987,epdlqlem97
38988,gkscjfdnd1
38989,gooppygirl
38990,gu0119009
38991,gukbob
38992,h10430
38993,haji030
38994,hayul
38995,heuk
38996,hgj1316
38997,ipinid613
38998,jiwoo311
38999,kevinmaxbill6628
39000,kki5629
39001,kmsid007
39002,kolom1234
39003,kylekwon96
39004,lyel10
39005,mangtojh
39006,melong6485
39007,mina1_0_2
39008,moelicious
39009,mon_de2738
39010,nagy123
39011,nexusgh12
39012,parkhj0423
39013,pismire0317
39014,pymzzang2
39015,rbwls4467
39016,rlagkd2451
39017,roqhrryghl
39018,rubat0
39019,sjmmm0118
39020,sleepanda
39021,sll8266
39022,stableho
39023,thtls456
39024,tmdwo897
39025,toytoo9503
39026,westjiho
39027,wjdtngh950
39028,woogiya92
39029,xjfcnf23
39030,zcode
39031,zmflrql123
39032,zzzzzzzz
39033,2753dudwns
39034,adsdfsd2321
39035,alstjd974
39036,annahyun
39037,asdxzc
39038,awmk7104
39039,blonix
39040,bnkim521
39041,btscienc
39042,ccaa1111
39043,dev_su
39044,dkflel
39045,dldmswns
39046,dnjs7831
39047,dybaek411
39048,ehdalsl00
39049,gosejjiin8087
39050,growin
39051,guscjf152
39052,gwangseo0325
39053,haemin7882
39054,hek722
39055,hisg1201
39056,hololo
39057,hortensia08
39058,iweaslem
39059,jchae
39060,jeon0706
39061,jhlee1419
39062,jhoo012
39063,jjh3543
39064,jl69434
39065,jounuli
39066,jungdaesuh
39067,jw980104
39068,kali0705linux
39069,kb2432
39070,khs020512
39071,kimtaeyeon10
39072,knmj789
39073,ksh5119
39074,ksmani
39075,kws020531
39076,leehj0720
39077,maker1212
39078,mcm1104
39079,mingun0112
39080,muing
39081,namu2318
39082,nudding
39083,omoklime
39084,onewithtruth
39085,pares302
39086,passion4te
39087,pseuicide_squad
39088,qkrwotjd1445
39089,qpalrara
39090,qudtjs3049
39091,qwert6416
39092,rjsdn7106
39093,rkana526
39094,robinshins
39095,seoljjune
39096,shyunb1129
39097,simaenaga9093
39098,siosio34
39099,skyoun00
39100,soircotton
39101,soldream
39102,sos4105
39103,spring531
39104,ssendori96
39105,studylida
39106,taleofus
39107,tbrtbr95
39108,the4614
39109,todd4
39110,vhg402
39111,volunt4s
39112,wer9218
39113,wjdrhkdgnsdl
39114,wooli7777
39115,yeop0601
39116,yhi98
39117,yjl980730
39118,yoojehwan1875
39119,yoona405
39120,youlee602
39121,yuenia
39122,yujin071610
39123,yun7816
39124,zola97
39125,4v_v4
39126,americano1
39127,asdeasdxz
39128,asdf9988
39129,aszx013
39130,bellboy78
39131,cherishwish12
39132,choihalin
39133,choijiuen
39134,cksdlqj
39135,clapd10
39136,coremos
39137,csdbwns2831
39138,ddony0807
39139,devjoy
39140,dha07
39141,dhkdndrne
39142,dlalemdfhr
39143,dlgosla
39144,dnjsl0629
39145,elis88
39146,eunchangim35
39147,finalfr0nt
39148,flow
39149,gbkim14
39150,ghkddb1616
39151,gkdms7808
39152,gs21030
39153,hapy0109
39154,holomorphic21
39155,howdyworld
39156,hwk2715
39157,hwoo3303
39158,hyeryeong
39159,ime1990
39160,isconan
39161,jeewoo11
39162,jhhwang1129
39163,jjin0301
39164,jongsung0623
39165,joo2331
39166,jtm0218
39167,junyeong5347
39168,khyeongho2020
39169,kilkat
39170,kim970903
39171,ksna0827
39172,ksundong
39173,ksw42
39174,kws7074
39175,kyunghoon1233
39176,minseokyk
39177,momoyoon
39178,ogisoo
39179,ohwon94
39180,pch951107
39181,philliphyun207
39182,pkm4866
39183,psyok7
39184,qjaehd5656
39185,qowlals
39186,qudgns24
39187,qweasdzzxcwq
39188,rudals901
39189,ryansewook
39190,sindy3472
39191,sokojiho2
39192,somersby10ml
39193,song3893
39194,suhannine
39195,sukp24
39196,sumichip4035
39197,super301
39198,tnvjthslr
39199,ujin99
39200,wndrnrdk
39201,yongjuice
39202,yunhadev98
39203,zero777
39204,1rladbdus
39205,77hyeon
39206,aingnyun
39207,akfrdma361
39208,boahchoi
39209,bokkbukk
39210,bombo96
39211,brianpark1025
39212,choco2010
39213,consistent_b
39214,continue_deve
39215,darklight
39216,dev4jaehunkim
39217,dk10223
39218,dkyj6
39219,dndud1024
39220,dpdms0515
39221,dustmqwkd
39222,endom4086
39223,garam1115
39224,geniusbrainlsm
39225,ginikid1
39226,glasodyyn
39227,goodgab
39228,haebum
39229,hanbin2043
39230,hanshinjung15
39231,hantoro
39232,haylee
39233,hyojoo_97
39234,hyun04
39235,inbloom
39236,ines
39237,ingu92
39238,jeff310
39239,jhc6696
39240,jidong01
39241,jwjand
39242,jyg200
39243,k0278kim
39244,kw7321
39245,lancia01
39246,lneon2
39247,lovekm0121
39248,lpg0213
39249,mago3069
39250,mango4815
39251,moon1565
39252,mulvora97
39253,namdohun
39254,neoskyclad
39255,nih20100322
39256,pixel24287
39257,pjh297672
39258,poohyhy
39259,qkdkralsgh
39260,rlawlsgur25
39261,sanghyun8842
39262,shawneeboy
39263,shkkk90
39264,sinyr119
39265,sjacal
39266,sjk040222
39267,sjsj123455
39268,skyjh426
39269,slb0903
39270,starp9517
39271,sua0521
39272,sykmw99
39273,tbvjdkrak2
39274,thehand_96
39275,thisjonghoon
39276,tonystar99
39277,unchainedsoul
39278,vfa1224
39279,wgxvdbfj
39280,wkdwndus0409
39281,wwhales11
39282,1z3r0
39283,alfzltm101
39284,bingo1623
39285,capri
39286,cty0121
39287,dbs0109
39288,dbscks2140
39289,dearkju
39290,dk04188
39291,dlgks236
39292,dmdkdmdkdkdk
39293,doosan
39294,dyuren
39295,enter1994
39296,godandme
39297,greatch
39298,hilariousbanana
39299,iriver
39300,jordaeni13
39301,kawea3
39302,kdy9416
39303,kissy527
39304,kjh950601
39305,lemon1494
39306,limena
39307,log20
39308,mjkgrc
39309,nyouw
39310,onefence
39311,phb121212
39312,plasmatic
39313,ppapp
39314,prowalker97
39315,psu6605
39316,redketchup
39317,runerabbit
39318,simonp6
39319,sinbmil
39320,skadkfl35
39321,sksmsdlscks
39322,stillgood96
39323,sunahan
39324,sunniee98
39325,swjjaang
39326,titanism2197
39327,tkvl94
39328,tuesberry
39329,tykim75
39330,wjdalsskt
39331,wkddnjs7310
39332,wkqkel
39333,wowgorden
39334,yu990410
39335,yubin0727
39336,aerhergag0
39337,anyk0104
39338,arc2106
39339,aster1993
39340,baejunhyeon
39341,bhj2020107161
39342,blue980511
39343,bodywash246
39344,bsxogml
39345,buyeon77
39346,c70eubkl
39347,cdd8816
39348,chltjsdn103
39349,chri3170
39350,chzhqk98
39351,civcode96
39352,clamour
39353,codin
39354,cookie2185
39355,danielbaek0730
39356,deparadice
39357,dgkwon90
39358,dhqhrrl
39359,dlacorhs1
39360,dldmlals977
39361,dnjs9082
39362,dnjsgh1209
39363,dragonis132
39364,drtkdldjstm
39365,eft5674
39366,ghdcosml
39367,ghkdrnjs180
39368,gka2670
39369,gys0821
39370,hejh
39371,hjhj1992
39372,hoo01041
39373,hws2008
39374,hwson
39375,hwykyk
39376,hyesoo
39377,illo_kr
39378,itkoo2000
39379,jhl72e
39380,jjkim1104
39381,jjw10111
39382,jme0010
39383,jsbin0526
39384,jungini0000
39385,juuuun_b
39386,k2683sj
39387,kdh110821
39388,kekr99
39389,kgw6147
39390,kimys030613
39391,kmj13033
39392,ksy8713
39393,kwonoyoon
39394,kyu_won
39395,limjh0210
39396,mvvkinn
39397,new371
39398,okboykmh
39399,pandatory
39400,pendant0706
39401,pentatonic
39402,qudwns1243
39403,rltjr219
39404,seohee6128
39405,seokjw0727
39406,siun0816
39407,song2848995
39408,soobum8
39409,spike44
39410,sshhh
39411,ssms7733
39412,thesun4sky
39413,tjr7788
39414,tkdans45
39415,vino
39416,wjdanr0869
39417,wls5843
39418,wonjae456
39419,woogie14
39420,woogilord
39421,woosuk
39422,yc22469
39423,youngurwls
39424,youtaek123
39425,yrc97
39426,yunha230
39427,yypqoueq
39428,zheldtlfj
39429,aji7301
39430,alex2827
39431,amour
39432,andytom
39433,asdfvcxz
39434,astrobkk
39435,bbakcon
39436,bhntink
39437,bittndlsdl0
39438,boooyeon
39439,cjw980221
39440,ckk9618
39441,clestar73
39442,dhkdn
39443,dhl0509
39444,dsm_1417
39445,dugazada
39446,ekfqlcekgp
39447,elephant119
39448,endtn11
39449,flakfldh365
39450,folw159
39451,great030507
39452,guguhanogu
39453,hmds
39454,hys0254
39455,jade0179
39456,jinjin2008
39457,jsppp35
39458,jungjm1938
39459,k3357943
39460,k91hc
39461,kjyrlawjddud
39462,kkkbs41
39463,kshshkim
39464,lswdaniel
39465,maemmae1213
39466,marshall0201
39467,mhn03148
39468,mlch1603
39469,muntory98
39470,nexon9093
39471,olzlel2000
39472,papajsh
39473,peng4523
39474,proger
39475,ptoooool
39476,rladydrlaqkq
39477,rockrool1
39478,rrrrr
39479,sakachjng
39480,sharmiya
39481,shj2044409
39482,skh1234
39483,taemo
39484,wie0213py
39485,wlfkfakstp
39486,wnsgur3077
39487,ww2021
39488,yamyam96
39489,yasutaka911
39490,yourme
39491,yulheo
39492,zxc1728456
39493,980lje
39494,amanda0109
39495,amiva
39496,arepelia
39497,aszx4342
39498,badalmeow
39499,baek4444
39500,bbom0078
39501,bbq5t
39502,ben1225
39503,c1own
39504,cdnx
39505,charlie1215
39506,chj1344
39507,chldbstj0512
39508,choyj324
39509,clmgzz
39510,cndbs
39511,dltmfql2383
39512,doramonz
39513,dsaf2007
39514,durjs144
39515,electroskunk
39516,figure97
39517,gamok555
39518,ggotnib10
39519,gkstmdah97
39520,goodtaeeun
39521,gusgml0303
39522,gyagya
39523,haepi
39524,haneul1205
39525,hoito
39526,imddoy
39527,jia5232
39528,jiho001005
39529,jiwon4j
39530,juncheol123
39531,juwon1961
39532,kbj110
39533,kgb9009
39534,kjh050419
39535,korea9408
39536,kws04211
39537,kyjjj105
39538,lkcny
39539,lovelyalpaca
39540,loverpleasestay
39541,lsj4450
39542,lyricallusc
39543,m03016
39544,macdung9802
39545,mbrident
39546,nickse461
39547,obg2546
39548,oesiu24
39549,polls22
39550,puranium235
39551,qqq960909
39552,rgehappy2005
39553,rhqtmfajfl001
39554,roghk1204
39555,seowoo
39556,sinangsong
39557,skj2393
39558,skyy994
39559,soong3889
39560,ss6734
39561,suhye0823
39562,sungrokgi
39563,sunwonsw95
39564,tlstkekfr3811
39565,tongje4385
39566,treing1
39567,trollball
39568,wer0222
39569,wjlee4444
39570,wogml1013
39571,yaobukejidemeng
39572,yec0213
39573,yuciee
39574,zero_00_rooo
39575,20213040
39576,4321dmswn
39577,anjwld1008
39578,ansrl1004
39579,aquageek94
39580,baksa0320
39581,chaemi720
39582,ckals15
39583,dhtmddud
39584,diatomicc2
39585,doomydoomydooms
39586,dovmffod123
39587,emdk89
39588,esfjge
39589,ezlake
39590,fabric39
39591,factory22
39592,fomagran6
39593,gaetaegoo
39594,gnujoow
39595,gofls0710
39596,goodljh120
39597,gunho
39598,habadjen
39599,hackedipod
39600,heojin0620
39601,hmlee5555
39602,hrl007
39603,hyb4712
39604,hyeonski
39605,hyunhokim
39606,ian01
39607,jay9171
39608,jhg3522
39609,jhlove4061
39610,jh_leeway
39611,jongrom2
39612,ju2798
39613,jypark93
39614,kangmoonsun9
39615,kero1004
39616,kimym56
39617,kkk4875
39618,kwnalswo
39619,linenive
39620,m960112
39621,marchmelo
39622,mftqn555
39623,mkyumin
39624,mmm5855
39625,mola
39626,moominsy25
39627,morytina
39628,muse918
39629,natakgun
39630,netsh1234
39631,palanpaper
39632,passworld
39633,raugd1234
39634,rbtjs4237
39635,rlaxogus505
39636,rsefa3o
39637,ryj8075
39638,saidthetinman
39639,self_king
39640,seokyeol
39641,sep0123
39642,sosom98
39643,springwillcome
39644,suka4444
39645,time1412
39646,tjehd20
39647,tony09088
39648,vldpfh321
39649,whdtud
39650,wvstsy
39651,xowls2933
39652,yje07044
39653,youn9
39654,yuyu0017
39655,zzzaq1004
39656,3040park
39657,99luana
39658,asy5086
39659,blueviolet
39660,case042
39661,charcode7
39662,chelim2002
39663,chomin91
39664,decomori
39665,dksgnlgns
39666,dmswn1713
39667,dojin0706
39668,dor1020
39669,dr8370123
39670,dudwnd2259
39671,eorb1998
39672,fadaw
39673,gggshhsl
39674,gml5460
39675,heojae91
39676,hepark8757
39677,hewens03
39678,hjkdw95
39679,hs03130
39680,hth1998
39681,hyoreuno
39682,igyuwon60
39683,iloveu0810
39684,insu1213
39685,jaeheyk
39686,jaesik7160
39687,jannie526
39688,jasondev0612
39689,jjuk93
39690,junnn327
39691,kjune10023
39692,ldhch2
39693,leernjs
39694,liemon13
39695,lsk1233
39696,lsy77889
39697,luann9708
39698,maknoodle
39699,minmin65
39700,minus98
39701,newdream2036
39702,otw7917
39703,pachie1842
39704,protocol
39705,rabbitate
39706,roopo
39707,same0525
39708,shim
39709,sjandy11
39710,slothdeveloper
39711,sprel
39712,ss4483
39713,suksu0619
39714,sulllllii11
39715,ungpung0
39716,vaf65va65a
39717,wgon1002
39718,wichan12
39719,wjdrkdqls12
39720,wonny921
39721,xltpdks
39722,38914
39723,adornt01
39724,agh0314
39725,ahwl8240
39726,albert0811
39727,angh50
39728,annnn0307
39729,augustpys
39730,babypotatotang
39731,back0331
39732,bj_java1136
39733,chickendaisuki
39734,cksgh989
39735,devchanki
39736,dien_eaststar
39737,dodong5853
39738,dw0902
39739,envy1358
39740,estin1
39741,forest528
39742,frogl030519
39743,gb3187
39744,gghh3017
39745,giantim
39746,gkwoap
39747,hanhee0021
39748,hh831
39749,hhj5732
39750,hong1220
39751,hoodlion
39752,hryun0321
39753,hwanseo3747
39754,hyungki26
39755,inha_ada
39756,ipari
39757,isgood1029
39758,jea9405
39759,jinkyung0310
39760,jinu1423
39761,jisung0614
39762,jiwang0707
39763,jks5177
39764,jmjm9797
39765,joohan97
39766,jooyeonhan
39767,judykot
39768,juno870502
39769,kakunge3
39770,kiakdh
39771,kkkim
39772,kpk0616
39773,land8747
39774,leedawn
39775,lijahong
39776,lovelyyeji01
39777,lsj3401
39778,miaow30
39779,minjoott
39780,newjaehun
39781,ngc9203
39782,ngw1994
39783,njih112
39784,pak031021
39785,parkbc
39786,pingu1014
39787,ppp526
39788,psmdc0714
39789,qiqi26
39790,qkrwntjs27
39791,qlrwlals1234
39792,rainbow2774
39793,refy1124
39794,rins6016
39795,rladudfhr220153
39796,rlaehdus0411
39797,rockwhale83
39798,rohbrian
39799,rripel1018
39800,sangwoonoel
39801,seed_j_h
39802,shb2891
39803,sheeeeep
39804,sheonkim01
39805,shy1117
39806,sjy9797s
39807,skarbs001
39808,slnam0415
39809,ssoso27
39810,sxs770
39811,tjrgml1207
39812,tmfrl3589
39813,vodiakana
39814,vw007401
39815,we12m
39816,whffkalszzzz
39817,wjdwoals030515
39818,wxyz03002
39819,xy77uy
39820,ygeuntae1208
39821,yuri08
39822,yuri2525
39823,1030yeon
39824,89cynical
39825,9hyun03
39826,ai_9087
39827,bud_dle
39828,casey
39829,chrisantoria
39830,cifidejdj
39831,cloudsea1106
39832,coco2833
39833,codedown
39834,codus1504
39835,dbsvy96
39836,defy2328
39837,dkfxdlfxelfx
39838,dlehdgud022
39839,dudqk9696
39840,dudtlsdl00
39841,dudwns328
39842,flu1111
39843,gnlowing
39844,hangmini12
39845,insuhkim
39846,jayoung1222
39847,jcy3589
39848,jhh9977
39849,jhjung3
39850,jidungg
39851,jjii320
39852,jokukhee99
39853,jun781111209
39854,jyp0408
39855,klein9513
39856,kwcha
39857,kyt0315
39858,leekw185
39859,lma0424
39860,lordtomi0325
39861,louisk
39862,lsu0530
39863,ltj3334
39864,maskpqwqoo
39865,mcc4646
39866,miniky04
39867,mjudy
39868,mongcomo
39869,moongyujo
39870,okbear3
39871,qogywo123
39872,rlarkdcjs12
39873,sbcho0325
39874,sda362002
39875,shyoon515
39876,sophieamo
39877,sungsu0718
39878,swk24
39879,thstpqls3
39880,tjekqls9
39881,tmdwns4488
39882,ttio
39883,ujiiin518
39884,wjddn0623
39885,wjdqhxhdtks21
39886,wkdgusrb3
39887,wlqlel01
39888,woosuki77
39889,yesgosu
39890,yoon0106
39891,youn_94
39892,03rlarlqja
39893,06lsm
39894,1065002
39895,23407381
39896,328020
39897,8x15yz
39898,accelspeed
39899,actingdeveloper
39900,alswjd4206
39901,asdje123
39902,asdxcv1998
39903,atph03133
39904,biblio3x
39905,binch5413
39906,bjw123
39907,bljyng
39908,bottle7
39909,boutljy
39910,chany63
39911,chun314
39912,con99
39913,csi4820
39914,dck3202
39915,ddahu
39916,dimu
39917,djwjekgksqjs1
39918,dk10109
39919,dk10120
39920,dltnwhd777
39921,dustls234
39922,dykim6208
39923,foresight15
39924,gameboss
39925,gimal_gosa
39926,gin1128o_o
39927,gkagmlwn94
39928,glnthd02
39929,gurxo5
39930,gusdnr9810
39931,gyunini
39932,h2o2n2g2
39933,hoya7
39934,iolg01ba
39935,ipegte93
39936,j00ngh
39937,jinmokim_c
39938,jintea519
39939,jjaeyo1252
39940,jjwls97
39941,jko8783
39942,jtc09299
39943,junbeomkwak
39944,justtr95
39945,k984530
39946,kdw0225
39947,kimswoo0679
39948,kjhrkawk
39949,ksmin02
39950,kyungparkmin
39951,kywood
39952,lightning0145
39953,lightsaber29
39954,lovelyz9
39955,magmom95
39956,meen005
39957,meltstar01
39958,minsu520
39959,mjs0912
39960,moonrighthere
39961,mvat1225
39962,mynzi00
39963,nerielnexus
39964,nobodyknows
39965,oilehot0910
39966,p03695
39967,park485201
39968,pgyage3263
39969,ppssu
39970,pubhan35
39971,puni0222
39972,qkrwlgns411
39973,qorwdjgh13
39974,qpalzm55
39975,rhquddyd2006
39976,rnfnal73
39977,sbh06040
39978,sdfisjdf248
39979,sdouf5054
39980,selan
39981,seojm0405
39982,seoleader
39983,sjbpsh1
39984,sm_dltpgk
39985,sobagirl99
39986,songgg0914
39987,sysmile77
39988,tbd05050
39989,tectora
39990,tjdqhdwp1212
39991,tjsdn1125
39992,tjsej1324
39993,uriage1108
39994,vnvytij602349
39995,warina7374
39996,whaudrl123
39997,wlsdhks0423
39998,wn8624
39999,wnsghtptkd86
